ours_variance,exhaustive_variance,opt_gap_pct,fixed_certified,fixed_extra_evals,adaptive_variance,adaptive_gap_pct,adaptive_rounds,plain_calls,adaptive_calls,exhaustive_calls,city,n,seed
304.142,304.142,0.0,False,74,304.142,0.0,5,2510,2950,15385,london,5,0
159.2,159.2,-0.0,False,33,159.2,-0.0,2,2515,2700,14080,london,5,1
2029.199,2029.199,0.0,False,273,2029.199,0.0,19,2490,4215,21995,london,5,2
7.899,7.899,0.0,True,17,7.899,0.0,0,1260,1345,5205,london,5,3
140.674,140.674,0.0,False,21,140.674,0.0,1,970,1085,3715,london,5,4
735.105,735.105,0.0,True,19,735.105,0.0,0,1535,1630,7595,london,5,5
1049.053,1049.053,0.0,False,77,1049.053,0.0,30,2525,3525,15455,london,5,6
1.876,1.876,-0.0,True,16,1.876,-0.0,0,995,1075,3415,london,5,7
32.273,32.273,0.0,True,14,32.273,0.0,0,1220,1290,5245,london,5,8
804.146,804.146,0.0,False,24,804.146,0.0,7,1440,1660,6880,london,5,9
96.255,96.255,0.0,False,25,96.255,0.0,8,2155,2395,11595,london,5,10
106.195,106.195,0.0,False,26,106.195,0.0,12,1725,2080,8615,london,5,11
2390.209,2390.209,0.0,False,31,2390.209,0.0,13,2365,2715,13110,london,5,12
170.148,170.148,0.0,True,28,170.148,0.0,0,1615,1755,8395,london,5,13
649.207,649.207,0.0,False,35,649.207,0.0,1,2205,2395,12085,london,5,14
5.424,5.424,0.0,False,16,5.424,0.0,1,930,1025,3215,london,5,15
92.918,92.918,0.0,True,10,92.918,0.0,0,805,855,2370,london,5,16
382.924,382.924,0.0,True,25,382.924,0.0,0,1655,1780,8340,london,5,17
10.132,10.132,0.0,True,24,10.132,0.0,0,2055,2175,10455,london,5,18
55.064,55.064,0.0,True,11,55.064,0.0,0,1015,1070,3465,london,5,19
125.434,125.434,0.0,True,18,125.434,0.0,0,1395,1485,6310,london,5,20
531.265,531.265,0.0,False,28,531.265,0.0,2,1660,1815,8275,london,5,21
103.264,103.264,-0.0,False,386,103.264,-0.0,6,2460,4510,25880,london,5,22
5519.644,5519.644,0.0,False,32,5519.644,0.0,33,2290,3185,12465,london,5,23
32.738,32.738,0.0,True,25,32.738,0.0,0,1590,1715,7830,london,5,24
1303.199,1303.199,0.0,False,243,1303.199,0.0,5,2455,3735,21200,london,5,25
50.082,50.082,0.0,False,171,50.082,0.0,3,2495,3400,18800,london,5,26
1548.788,1548.788,-0.0,False,19,1548.788,-0.0,8,1390,1605,6435,london,5,27
29.852,29.852,-0.0,False,24,29.852,-0.0,3,1745,1910,8895,london,5,28
703.425,703.425,0.0,True,11,703.425,0.0,0,885,940,2825,london,5,29
162.677,162.677,0.0,True,87,162.677,0.0,0,2460,2895,15760,london,5,30
66.911,66.911,0.0,False,15,66.911,0.0,17,1665,1990,7560,london,5,31
188.939,188.939,0.0,False,335,188.939,0.0,3,2525,4240,24355,london,5,32
33.03,33.03,0.0,True,26,33.03,0.0,0,2040,2170,10700,london,5,33
146.696,146.696,0.0,False,24,146.696,0.0,2,2130,2275,11325,london,5,34
92.208,92.208,0.0,True,23,92.208,0.0,0,1535,1650,7265,london,5,35
5710.536,5710.536,0.0,False,26,5710.536,0.0,15,1865,2285,9905,london,5,36
21.479,21.479,0.0,False,625,21.479,0.0,1,2510,5650,34200,london,5,37
167.889,167.889,0.0,False,23,167.889,0.0,5,1335,1495,5735,london,5,38
197.384,197.384,0.0,False,14,197.384,0.0,4,1200,1320,4820,london,5,39
264.926,264.926,0.0,False,65,264.926,0.0,6,3012,3516,18144,london,6,0
205.597,205.597,0.0,False,32,205.597,0.0,3,2982,3222,16800,london,6,1
1722.037,1709.459,0.736,False,481,1709.459,0.0,17,3030,6438,34872,london,6,2
28.595,28.595,-0.0,False,18,28.595,-0.0,2,1512,1650,6186,london,6,3
117.321,117.321,0.0,False,23,117.321,0.0,1,1422,1572,6252,london,6,4
665.248,665.248,0.0,True,21,665.248,0.0,0,2052,2178,10536,london,6,5
996.153,996.153,0.0,False,168,996.153,0.0,31,3012,4788,22080,london,6,6
4.448,4.448,0.0,True,15,4.448,0.0,0,1212,1302,4308,london,6,7
36.412,36.412,0.0,True,19,36.412,0.0,0,1560,1674,7122,london,6,8
698.583,698.583,0.0,False,31,698.583,0.0,7,1914,2220,9432,london,6,9
98.892,98.892,0.0,False,27,98.892,0.0,3,2970,3180,16500,london,6,10
92.041,92.041,0.0,False,28,92.041,0.0,16,2280,2796,11622,london,6,11
2119.613,2119.613,0.0,False,161,2119.613,0.0,15,2994,4290,22122,london,6,12
157.552,157.552,-0.0,True,29,157.552,-0.0,0,2244,2418,11334,london,6,13
624.185,624.185,0.0,False,32,624.185,0.0,3,2592,2826,13980,london,6,14
6.813,6.813,0.0,True,20,6.813,0.0,0,1194,1314,4302,london,6,15
97.72,97.72,0.0,True,15,97.72,0.0,0,1422,1512,5748,london,6,16
2220.799,2220.799,0.0,False,30,2220.799,0.0,8,2292,2616,12030,london,6,17
12.088,12.088,0.0,True,25,12.088,0.0,0,2484,2634,12894,london,6,18
122.507,122.507,0.0,True,15,122.507,0.0,0,1272,1362,5004,london,6,19
132.913,132.913,0.0,True,18,132.913,0.0,0,1698,1806,7686,london,6,20
687.35,687.35,0.0,False,33,687.35,0.0,10,2376,2790,12360,london,6,21
94.295,94.295,0.0,False,317,94.295,0.0,5,2952,4932,28176,london,6,22
4919.431,4919.431,0.0,False,60,4919.431,0.0,32,2976,4272,17856,london,6,23
60.836,60.836,0.0,True,32,60.836,0.0,0,2472,2664,13680,london,6,24
1134.862,1134.862,0.0,False,342,1134.862,0.0,11,3048,5316,29370,london,6,25
81.377,81.377,0.0,False,176,81.377,0.0,2,2976,4068,22938,london,6,26
1294.443,1294.443,-0.0,False,34,1294.443,-0.0,11,2994,3408,16938,london,6,27
37.295,37.295,0.0,True,21,37.295,0.0,0,2064,2190,10632,london,6,28
592.846,592.846,0.0,True,16,592.846,0.0,0,1308,1404,5010,london,6,29
230.434,230.434,0.0,False,84,230.434,0.0,1,2976,3486,18822,london,6,30
56.594,56.594,0.0,False,25,56.594,0.0,14,2190,2562,10362,london,6,31
394.924,394.924,0.0,False,303,394.924,0.0,14,3030,5166,27960,london,6,32
387.85,387.85,0.0,False,31,387.85,0.0,2,2646,2862,14490,london,6,33
3085.23,3085.23,0.0,False,31,3085.23,0.0,21,2910,3618,16182,london,6,34
92.6,92.6,0.0,True,22,92.6,0.0,0,1806,1938,8472,london,6,35
5351.319,5351.319,0.0,False,26,5351.319,0.0,14,2154,2622,11400,london,6,36
486.156,486.156,0.0,False,614,486.156,0.0,6,3012,6804,40488,london,6,37
255.816,255.816,0.0,True,19,255.816,0.0,0,2070,2184,10764,london,6,38
189.779,189.779,0.0,False,13,189.779,0.0,6,1488,1638,5778,london,6,39
893.209,893.209,0.0,False,81,893.209,0.0,8,3493,4235,21903,london,7,0
330.795,330.795,0.0,False,70,330.795,0.0,11,3514,4270,21084,london,7,1
1581.881,1511.958,4.625,False,521,1511.958,0.0,14,3535,7707,42616,london,7,2
36.894,36.894,0.0,False,18,36.894,0.0,6,1750,1995,7238,london,7,3
118.06,118.06,0.0,False,21,118.06,0.0,8,1988,2303,9093,london,7,4
736.388,736.388,0.0,False,22,736.388,0.0,1,2387,2555,12341,london,7,5
890.268,890.268,-0.0,False,137,890.268,-0.0,24,3535,5131,24465,london,7,6
717.327,717.327,0.0,False,20,717.327,0.0,8,1757,2072,7469,london,7,7
74.621,74.621,0.0,False,28,74.621,0.0,1,2268,2485,11389,london,7,8
970.196,970.196,0.0,False,23,970.196,0.0,6,2485,2786,12635,london,7,9
87.362,87.362,0.0,False,27,87.362,0.0,4,3444,3724,19299,london,7,10
96.545,96.545,0.0,False,28,96.545,0.0,14,2583,3178,13377,london,7,11
1993.861,1993.861,0.0,False,176,1993.861,0.0,13,3493,5047,26502,london,7,12
175.126,175.126,0.0,True,26,175.126,0.0,0,2681,2863,14175,london,7,13
619.34,619.34,0.0,False,34,619.34,0.0,1,3241,3500,17885,london,7,14
8.094,8.094,0.0,True,12,8.094,0.0,0,1400,1484,5320,london,7,15
85.948,85.948,0.0,True,23,85.948,0.0,0,1918,2079,8372,london,7,16
1970.008,1970.008,0.0,False,61,1970.008,0.0,7,3493,4067,20979,london,7,17
20.171,20.171,0.0,False,23,20.171,0.0,3,2940,3150,15141,london,7,18
106.177,106.177,0.0,True,16,106.177,0.0,0,1645,1757,7161,london,7,19
177.798,177.798,0.0,True,20,177.798,0.0,0,2107,2247,9436,london,7,20
622.412,622.412,0.0,False,32,622.412,0.0,8,3150,3535,16954,london,7,21
764.76,764.76,0.0,False,411,764.76,0.0,12,3472,6629,37520,london,7,22
4361.314,4361.314,0.0,False,162,4361.314,0.0,24,3514,5362,25781,london,7,23
55.209,55.209,0.0,True,32,55.209,0.0,0,2800,3024,15379,london,7,24
974.436,974.436,0.0,False,294,974.436,0.0,5,3493,5663,32025,london,7,25
205.56,205.56,0.0,False,381,205.56,0.0,13,3472,6496,36155,london,7,26
2113.759,2113.759,-0.0,False,60,2113.759,-0.0,13,3493,4214,20881,london,7,27
43.643,43.643,0.0,False,22,43.643,0.0,10,2534,2933,12411,london,7,28
509.683,509.683,0.0,True,16,509.683,0.0,0,1946,2058,8785,london,7,29
318.491,318.491,0.0,False,114,318.491,0.0,5,3486,4382,23443,london,7,30
52.028,52.028,0.0,False,29,52.028,0.0,22,3528,4270,18809,london,7,31
426.558,426.558,-0.0,False,275,426.558,-0.0,17,3535,5866,31311,london,7,32
342.22,342.22,0.0,False,72,342.22,0.0,1,3472,3997,21595,london,7,33
2739.936,2739.936,0.0,False,34,2739.936,0.0,21,3353,4200,18704,london,7,34
80.416,80.416,0.0,True,22,80.416,0.0,0,2107,2261,9905,london,7,35
4915.918,4915.918,0.0,False,31,4915.918,0.0,25,2968,3962,16009,london,7,36
418.591,418.591,0.0,True,592,418.591,0.0,0,3472,7616,46284,london,7,37
427.951,427.951,0.0,False,14,427.951,0.0,2,2695,2828,14098,london,7,38
162.8,162.8,-0.0,False,13,162.8,-0.0,6,1736,1911,6762,london,7,39
781.558,781.558,0.0,False,176,781.558,0.0,8,3992,5600,30264,london,8,0
386.383,386.383,0.0,False,125,386.383,0.0,13,4016,5376,27408,london,8,1
1851.33,1684.265,9.919,False,583,1684.265,0.0,20,4016,9624,52008,london,8,2
32.497,32.497,0.0,True,19,32.497,0.0,0,2184,2336,9536,london,8,3
103.773,103.773,0.0,False,23,103.773,0.0,7,2288,2592,10200,london,8,4
650.461,650.461,0.0,False,20,650.461,0.0,1,3160,3336,16992,london,8,5
3345.691,3345.691,0.0,False,205,3345.691,0.0,26,3992,6568,31736,london,8,6
720.156,720.156,0.0,False,23,720.156,0.0,8,1976,2352,8416,london,8,7
92.996,92.996,0.0,True,27,92.996,0.0,0,2528,2744,12512,london,8,8
884.787,884.787,0.0,False,26,884.787,0.0,6,3008,3376,15568,london,8,9
208.852,208.852,0.0,False,27,208.852,0.0,3,3952,4240,21968,london,8,10
86.315,86.315,0.0,False,29,86.315,0.0,15,3048,3728,15648,london,8,11
1983.273,1983.273,0.0,False,176,1983.273,0.0,14,4016,5848,30192,london,8,12
221.362,221.362,0.0,True,30,221.362,0.0,0,3160,3400,16552,london,8,13
2488.725,2488.725,0.0,False,32,2488.725,0.0,8,3496,3960,19144,london,8,14
18.005,18.005,0.0,False,20,18.005,0.0,3,2016,2232,8760,london,8,15
81.533,81.533,0.0,True,24,81.533,0.0,0,2624,2816,12616,london,8,16
1765.924,1765.924,0.0,False,37,1765.924,0.0,6,3928,4376,22408,london,8,17
84.84,84.84,0.0,True,22,84.84,0.0,0,3808,3984,20952,london,8,18
93.464,93.464,0.0,True,15,93.464,0.0,0,2104,2224,9112,london,8,19
233.265,233.265,0.0,False,18,233.265,0.0,1,2288,2448,10432,london,8,20
554.076,554.076,0.0,False,32,554.076,0.0,8,3888,4336,21448,london,8,21
728.644,728.644,0.0,False,459,728.644,0.0,16,4016,8088,45472,london,8,22
4439.949,4439.949,0.0,False,193,4439.949,0.0,24,3992,6376,31120,london,8,23
56.24,56.24,0.0,True,33,56.24,0.0,0,3088,3352,17000,london,8,24
852.75,852.75,0.0,False,322,852.75,0.0,5,4016,6768,38136,london,8,25
180.007,180.007,0.0,False,449,180.007,0.0,12,3968,7920,45168,london,8,26
1849.854,1849.854,-0.0,False,53,1849.854,-0.0,10,3992,4680,23536,london,8,27
49.169,49.169,0.0,False,26,49.169,0.0,13,2768,3328,13760,london,8,28
633.775,633.775,0.0,False,18,633.775,0.0,6,2256,2528,10104,london,8,29
291.31,291.31,0.0,False,137,291.31,0.0,5,4000,5208,28032,london,8,30
76.21,76.21,0.0,False,154,76.21,0.0,10,3960,5480,29032,london,8,31
501.145,501.145,0.0,False,274,501.145,0.0,23,4016,6976,35712,london,8,32
299.572,299.572,0.0,False,60,299.572,0.0,1,3968,4472,24008,london,8,33
2559.018,2559.018,0.0,False,69,2559.018,0.0,23,3968,5336,24648,london,8,34
83.267,83.267,0.0,True,22,83.267,0.0,0,2368,2544,11096,london,8,35
4441.745,4441.745,0.0,False,33,4441.745,0.0,25,3720,4872,20456,london,8,36
409.283,409.283,0.0,True,642,409.283,0.0,0,3968,9104,55656,london,8,37
454.765,454.765,0.0,False,15,454.765,0.0,2,3088,3232,16224,london,8,38
151.145,151.145,0.0,False,16,151.145,0.0,5,1944,2168,7992,london,8,39
318.825,318.825,0.0,False,187,318.825,0.0,5,2525,3530,19395,bengaluru,5,0
262.922,262.922,0.0,False,192,262.922,0.0,6,2495,3540,19270,bengaluru,5,1
2665.933,2603.654,2.392,False,519,2603.654,0.0,26,2540,5790,30375,bengaluru,5,2
5.622,5.622,0.0,True,17,5.622,0.0,0,1695,1780,7625,bengaluru,5,3
141.9,141.9,0.0,False,15,141.9,0.0,3,1170,1280,4825,bengaluru,5,4
687.87,687.87,0.0,True,33,687.87,0.0,0,1975,2140,10720,bengaluru,5,5
1679.266,1679.266,0.0,False,238,1679.266,0.0,12,2445,3855,20935,bengaluru,5,6
2.94,2.94,0.0,True,14,2.94,0.0,0,1245,1315,5025,bengaluru,5,7
47.498,47.498,0.0,True,22,47.498,0.0,0,1385,1495,6515,bengaluru,5,8
1720.044,1720.044,0.0,False,27,1720.044,0.0,8,1545,1805,7580,bengaluru,5,9
238.658,238.658,0.0,False,116,238.658,0.0,17,2495,3410,16820,bengaluru,5,10
137.37,137.37,0.0,False,33,137.37,0.0,25,2495,3065,13115,bengaluru,5,11
3373.459,3373.459,0.0,False,106,3373.459,0.0,15,2490,3285,16450,bengaluru,5,12
207.902,207.902,0.0,True,29,207.902,0.0,0,2220,2365,11870,bengaluru,5,13
704.442,704.442,0.0,False,111,704.442,0.0,1,2495,3060,16730,bengaluru,5,14
8.54,8.54,0.0,True,14,8.54,0.0,0,1165,1235,4820,bengaluru,5,15
193.247,193.247,0.0,True,14,193.247,0.0,0,935,1005,3375,bengaluru,5,16
831.895,831.895,0.0,True,34,831.895,0.0,0,1950,2120,10470,bengaluru,5,17
12.996,12.996,0.0,True,26,12.996,0.0,0,2435,2565,12910,bengaluru,5,18
107.241,107.241,0.0,False,19,107.241,0.0,1,1220,1330,4965,bengaluru,5,19
267.298,267.298,0.0,True,26,267.298,0.0,0,1845,1975,9445,bengaluru,5,20
561.323,561.323,0.0,False,33,561.323,0.0,9,2230,2520,12110,bengaluru,5,21
163.931,163.931,0.0,False,605,163.931,0.0,16,2480,5765,33330,bengaluru,5,22
7325.781,7318.802,0.095,False,0,7318.802,0.0,32,2495,3495,14560,bengaluru,5,23
56.424,56.424,0.0,False,27,56.424,0.0,3,2215,2395,12235,bengaluru,5,24
1704.379,1704.379,0.0,False,418,1704.379,0.0,9,2480,4690,26975,bengaluru,5,25
50.601,50.601,0.0,False,346,50.601,0.0,1,2510,4250,24845,bengaluru,5,26
1948.217,1948.217,0.0,False,24,1948.217,0.0,7,1550,1765,7560,bengaluru,5,27
36.459,36.459,0.0,False,35,36.459,0.0,4,2300,2530,12645,bengaluru,5,28
964.505,964.505,0.0,True,16,964.505,0.0,0,1170,1250,4710,bengaluru,5,29
201.858,201.858,0.0,False,303,201.858,0.0,2,2525,4070,23170,bengaluru,5,30
121.437,121.437,0.0,False,26,121.437,0.0,5,1720,1975,9060,bengaluru,5,31
280.316,280.316,0.0,False,498,280.316,0.0,3,2525,5055,29680,bengaluru,5,32
74.231,74.231,0.0,True,34,74.231,0.0,0,2460,2630,13650,bengaluru,5,33
303.0,303.0,0.0,False,46,303.0,0.0,1,2475,2715,14395,bengaluru,5,34
229.801,229.801,0.0,True,27,229.801,0.0,0,1980,2115,10490,bengaluru,5,35
6552.035,6552.035,0.0,False,71,6552.035,0.0,24,2480,3345,15110,bengaluru,5,36
42.916,42.916,0.0,False,863,42.916,0.0,1,2510,6840,42305,bengaluru,5,37
152.498,152.498,0.0,False,19,152.498,0.0,1,1480,1585,6375,bengaluru,5,38
494.386,494.386,0.0,False,34,494.386,0.0,12,1800,2140,8915,bengaluru,5,39
277.728,277.728,0.0,False,232,277.728,0.0,4,3012,4482,24858,bengaluru,6,0
303.952,303.952,0.0,False,174,303.952,0.0,6,3030,4164,22626,bengaluru,6,1
2566.506,2221.261,15.543,False,745,2221.261,0.0,23,3120,8418,45648,bengaluru,6,2
39.098,39.098,0.0,False,16,39.098,0.0,7,2028,2214,9066,bengaluru,6,3
121.247,121.247,0.0,False,25,121.247,0.0,4,1734,1944,8178,bengaluru,6,4
654.724,654.724,0.0,True,26,654.724,0.0,0,2754,2910,15072,bengaluru,6,5
1696.404,1696.404,0.0,False,355,1696.404,0.0,28,2976,5844,29868,bengaluru,6,6
7.57,7.57,0.0,True,16,7.57,0.0,0,1494,1590,6042,bengaluru,6,7
59.664,59.664,0.0,True,23,59.664,0.0,0,1836,1974,8982,bengaluru,6,8
1479.272,1479.272,0.0,False,26,1479.272,0.0,11,2130,2526,10902,bengaluru,6,9
200.352,200.352,0.0,False,202,200.352,0.0,9,2994,4374,23748,bengaluru,6,10
119.118,119.118,0.0,False,48,119.118,0.0,18,3084,3756,17622,bengaluru,6,11
3017.262,3017.262,0.0,False,299,3017.262,0.0,20,3012,5274,27648,bengaluru,6,12
199.491,199.491,0.0,True,30,199.491,0.0,0,2988,3168,16482,bengaluru,6,13
670.093,670.093,0.0,False,99,670.093,0.0,1,2976,3588,19572,bengaluru,6,14
10.57,10.57,0.0,True,18,10.57,0.0,0,1554,1662,6732,bengaluru,6,15
164.512,164.512,0.0,True,21,164.512,0.0,0,1716,1842,8118,bengaluru,6,16
3327.886,3327.886,0.0,False,20,3327.886,0.0,7,2904,3144,15906,bengaluru,6,17
17.017,17.017,0.0,False,30,17.017,0.0,3,3048,3270,16290,bengaluru,6,18
142.929,142.929,0.0,True,18,142.929,0.0,0,1614,1722,7104,bengaluru,6,19
259.251,259.251,0.0,False,23,259.251,0.0,1,2184,2340,11232,bengaluru,6,20
730.508,730.508,-0.0,False,39,730.508,-0.0,9,3030,3432,16956,bengaluru,6,21
144.386,144.386,0.0,False,499,144.386,0.0,7,2952,6126,35640,bengaluru,6,22
6471.807,6471.807,0.0,False,138,6471.807,0.0,34,2994,4812,20958,bengaluru,6,23
79.167,79.167,0.0,True,138,79.167,0.0,0,2934,3762,21216,bengaluru,6,24
1471.877,1469.273,0.177,False,526,1469.273,0.0,16,3030,6618,37002,bengaluru,6,25
68.843,68.843,0.0,False,343,68.843,0.0,1,2994,5064,29568,bengaluru,6,26
1680.692,1680.692,0.0,False,218,1680.692,0.0,9,2994,4464,24252,bengaluru,6,27
59.128,59.128,0.0,False,36,59.128,0.0,13,2772,3252,15222,bengaluru,6,28
804.792,804.792,0.0,True,23,804.792,0.0,0,1782,1920,8274,bengaluru,6,29
322.747,322.747,0.0,False,300,322.747,0.0,3,3030,4878,27630,bengaluru,6,30
103.072,103.072,0.0,True,35,103.072,0.0,0,2376,2586,13104,bengaluru,6,31
586.246,586.246,0.0,False,447,586.246,0.0,15,3012,6060,33870,bengaluru,6,32
797.589,797.589,0.0,False,90,797.589,0.0,4,3012,3606,19116,bengaluru,6,33
5523.167,5523.167,0.0,False,146,5523.167,0.0,36,2994,4884,21402,bengaluru,6,34
234.337,234.337,0.0,True,28,234.337,0.0,0,2328,2496,12210,bengaluru,6,35
6134.778,6134.778,0.0,False,37,6134.778,0.0,22,2958,3744,17136,bengaluru,6,36
588.186,588.186,0.0,False,830,588.186,0.0,5,3012,8076,49344,bengaluru,6,37
328.784,328.784,-0.0,False,34,328.784,-0.0,2,2508,2730,13848,bengaluru,6,38
473.283,473.283,0.0,False,31,473.283,0.0,12,2160,2526,10668,bengaluru,6,39
896.321,896.321,0.0,False,250,896.321,0.0,7,3493,5397,29918,bengaluru,7,0
444.717,444.717,0.0,False,235,444.717,0.0,11,3493,5432,29085,bengaluru,7,1
2438.356,1950.077,25.039,False,794,1950.077,0.0,16,3556,9786,55944,bengaluru,7,2
46.45,46.45,0.0,False,17,46.45,0.0,5,2275,2492,10647,bengaluru,7,3
124.077,124.077,0.0,False,13,124.077,0.0,14,2415,2884,11844,bengaluru,7,4
734.455,734.455,0.0,False,26,734.455,0.0,4,3220,3465,17626,bengaluru,7,5
1503.688,1503.688,0.0,False,327,1503.688,0.0,21,3430,6370,33579,bengaluru,7,6
674.243,674.243,0.0,False,26,674.243,0.0,3,2142,2380,10318,bengaluru,7,7
163.506,163.506,0.0,False,32,163.506,0.0,3,2842,3115,15015,bengaluru,7,8
1674.359,1674.359,0.0,False,26,1674.359,0.0,11,2758,3220,14574,bengaluru,7,9
176.531,176.531,0.0,False,201,176.531,0.0,9,3493,5096,27636,bengaluru,7,10
136.513,136.513,0.0,False,44,136.513,0.0,27,3598,4662,20342,bengaluru,7,11
2788.123,2788.123,0.0,False,292,2788.123,0.0,18,3514,6034,32088,bengaluru,7,12
216.632,216.632,0.0,True,59,216.632,0.0,0,3535,3948,20993,bengaluru,7,13
688.656,688.656,0.0,True,147,688.656,0.0,0,3493,4522,25025,bengaluru,7,14
15.475,15.475,0.0,False,19,15.475,0.0,1,1890,2044,8295,bengaluru,7,15
156.916,156.916,0.0,True,25,156.916,0.0,0,2366,2541,11725,bengaluru,7,16
2917.002,2917.002,0.0,False,206,2917.002,0.0,9,3472,5117,28091,bengaluru,7,17
32.213,32.213,0.0,True,28,32.213,0.0,0,3486,3682,19012,bengaluru,7,18
122.679,122.679,0.0,True,17,122.679,0.0,0,2107,2226,9744,bengaluru,7,19
313.214,313.214,-0.0,False,27,313.214,-0.0,1,2702,2912,13923,bengaluru,7,20
657.176,657.176,0.0,False,93,657.176,0.0,10,3514,4382,22435,bengaluru,7,21
896.569,894.003,0.287,False,634,894.003,0.0,16,3535,8449,47992,bengaluru,7,22
5648.736,5648.736,0.0,False,248,5648.736,0.0,26,3493,6048,29512,bengaluru,7,23
76.196,76.196,0.0,True,116,76.196,0.0,0,3430,4242,23660,bengaluru,7,24
1259.394,1259.394,0.0,False,456,1259.394,0.0,11,3493,7014,39676,bengaluru,7,25
273.839,273.839,0.0,False,652,273.839,0.0,15,3493,8414,49042,bengaluru,7,26
3031.006,3031.006,0.0,False,253,3031.006,0.0,13,3493,5579,29974,bengaluru,7,27
50.728,50.728,0.0,False,36,50.728,0.0,4,3220,3542,17731,bengaluru,7,28
692.847,692.847,0.0,True,25,692.847,0.0,0,2534,2709,12936,bengaluru,7,29
407.632,407.632,0.0,False,343,407.632,0.0,6,3514,6062,34461,bengaluru,7,30
104.178,104.178,0.0,False,149,104.178,0.0,21,3549,5229,25116,bengaluru,7,31
633.621,633.621,0.0,False,409,633.621,0.0,20,3535,6895,37709,bengaluru,7,32
722.386,722.386,0.0,False,212,722.386,0.0,3,3493,5040,28056,bengaluru,7,33
4854.231,4854.231,0.0,False,154,4854.231,0.0,35,3493,5705,25193,bengaluru,7,34
205.959,205.959,0.0,True,30,205.959,0.0,0,2681,2891,14189,bengaluru,7,35
5684.978,5684.978,0.0,False,127,5684.978,0.0,31,3472,5397,23898,bengaluru,7,36
509.281,509.281,0.0,False,795,509.281,0.0,2,3472,9079,56147,bengaluru,7,37
552.047,552.047,0.0,False,33,552.047,0.0,2,3080,3346,17171,bengaluru,7,38
406.607,406.607,0.0,False,35,406.607,0.0,12,2527,3003,12572,bengaluru,7,39
784.631,784.631,0.0,False,351,784.631,0.0,7,3992,6976,39768,bengaluru,8,0
509.374,509.374,0.0,False,306,509.374,0.0,13,4016,6800,37264,bengaluru,8,1
3106.249,2148.012,44.61,False,881,2148.012,0.0,17,4136,12000,68536,bengaluru,8,2
45.128,45.128,0.0,True,16,45.128,0.0,0,2832,2960,14040,bengaluru,8,3
108.58,108.58,0.0,False,13,108.58,0.0,12,2768,3256,13248,bengaluru,8,4
670.468,670.468,0.0,False,56,670.468,0.0,5,3968,4536,23776,bengaluru,8,5
5899.998,5899.998,0.0,False,378,5899.998,0.0,35,3968,8384,41224,bengaluru,8,6
696.733,696.733,0.0,False,28,696.733,0.0,5,2376,2728,11472,bengaluru,8,7
186.93,186.93,0.0,False,30,186.93,0.0,1,3296,3560,17600,bengaluru,8,8
1505.147,1505.147,0.0,False,32,1505.147,0.0,11,3392,3968,18408,bengaluru,8,9
331.736,331.736,0.0,False,199,331.736,0.0,7,3992,5768,31472,bengaluru,8,10
121.247,121.247,0.0,False,55,121.247,0.0,27,4160,5384,23768,bengaluru,8,11
2815.338,2815.338,0.0,False,299,2815.338,0.0,18,4016,6968,37008,bengaluru,8,12
275.982,275.982,0.0,False,65,275.982,0.0,1,4040,4584,24472,bengaluru,8,13
3124.1,3124.1,0.0,False,114,3124.1,0.0,10,3992,5160,26920,bengaluru,8,14
18.264,18.264,0.0,True,18,18.264,0.0,0,2576,2720,12328,bengaluru,8,15
161.672,161.672,0.0,True,24,161.672,0.0,0,3320,3512,17592,bengaluru,8,16
2597.207,2597.207,0.0,False,171,2597.207,0.0,10,3968,5592,29720,bengaluru,8,17
129.626,129.626,0.0,False,99,129.626,0.0,5,4040,4944,25872,bengaluru,8,18
125.058,125.058,0.0,True,20,125.058,0.0,0,2584,2744,12464,bengaluru,8,19
410.765,410.765,0.0,False,16,410.765,0.0,6,3064,3320,15392,bengaluru,8,20
592.183,592.183,0.0,False,135,592.183,0.0,9,4016,5304,27992,bengaluru,8,21
862.125,847.032,1.782,False,708,847.032,0.0,23,4064,10640,59240,bengaluru,8,22
5728.332,5728.332,0.0,False,277,5728.332,0.0,26,3992,7144,35880,bengaluru,8,23
77.332,77.332,0.0,True,102,77.332,0.0,0,3872,4688,26136,bengaluru,8,24
1110.444,1102.589,0.712,False,495,1102.589,0.0,12,4016,8432,47424,bengaluru,8,25
240.589,240.589,0.0,False,759,240.589,0.0,14,3992,10440,62104,bengaluru,8,26
2665.261,2665.261,0.0,False,252,2665.261,0.0,12,3992,6328,34336,bengaluru,8,27
47.744,47.744,0.0,False,26,47.744,0.0,2,3576,3824,19432,bengaluru,8,28
879.037,879.037,0.0,False,23,879.037,0.0,6,2912,3256,14944,bengaluru,8,29
379.548,379.548,0.0,False,379,379.548,0.0,6,4040,7272,41400,bengaluru,8,30
140.637,140.637,0.0,False,321,140.637,0.0,6,3880,6592,38224,bengaluru,8,31
744.046,744.046,0.0,False,409,744.046,0.0,31,4064,8392,43072,bengaluru,8,32
643.089,643.089,0.0,False,191,643.089,0.0,3,3992,5584,31072,bengaluru,8,33
4593.991,4593.991,0.0,False,209,4593.991,0.0,36,3992,7080,31976,bengaluru,8,34
217.704,217.704,0.0,True,30,217.704,0.0,0,3128,3368,16504,bengaluru,8,35
5153.641,5153.641,0.0,False,172,5153.641,0.0,33,3992,6640,30152,bengaluru,8,36
500.586,500.586,0.0,True,861,500.586,0.0,0,3992,10880,67672,bengaluru,8,37
525.779,525.779,0.0,False,37,525.779,0.0,3,3600,3944,20136,bengaluru,8,38
380.2,380.2,0.0,False,33,380.2,0.0,7,2912,3328,14688,bengaluru,8,39
