n,seed,var_at_var_opt,var_at_range_opt,rel_gap,gini_var_opt,gini_range_opt,spread_var_opt,spread_range_opt
5,0,35.952,50.12,0.2827,0.1598,0.168,16.76,16.14
5,1,8.209,8.209,0.0,0.1327,0.1327,7.46,7.46
5,2,0.531,0.531,0.0,0.0328,0.0328,2.04,2.04
5,3,8.834,8.834,0.0,0.0838,0.0838,7.92,7.92
5,4,91.809,99.669,0.0789,0.2043,0.1964,27.89,26.34
5,5,450.397,454.364,0.0087,0.3096,0.3176,55.74,55.36
5,6,21.211,21.28,0.0032,0.1448,0.1424,13.12,12.44
5,7,65.441,77.445,0.155,0.2611,0.2681,23.39,20.17
5,8,10.801,10.801,0.0,0.2018,0.2018,9.0,9.0
5,9,84.979,86.029,0.0122,0.1402,0.1362,25.37,25.35
5,10,4.031,4.626,0.1287,0.06,0.0678,6.18,5.47
5,11,17.574,17.574,0.0,0.1149,0.1149,11.44,11.44
5,12,117.057,117.27,0.0018,0.2517,0.2596,29.53,27.74
5,13,44.572,50.099,0.1103,0.2154,0.2043,19.34,17.77
5,14,507.375,519.825,0.024,0.3465,0.3335,54.02,50.4
5,15,6.245,6.356,0.0175,0.1566,0.1602,7.36,6.52
5,16,72.556,85.685,0.1532,0.1793,0.1823,23.64,22.04
5,17,89.972,95.538,0.0583,0.159,0.1618,25.48,24.53
5,18,38.448,39.065,0.0158,0.1512,0.147,14.34,13.81
5,19,51.672,60.212,0.1418,0.1822,0.1798,19.47,17.9
5,20,63.913,67.241,0.0495,0.2699,0.2785,23.71,21.57
5,21,7.812,8.887,0.121,0.0695,0.0693,7.41,7.3
5,22,9.942,9.942,0.0,0.099,0.099,7.96,7.96
5,23,38.619,61.947,0.3766,0.2407,0.2531,19.43,18.37
5,24,2.119,2.119,0.0,0.0572,0.0572,4.45,4.45
5,25,56.993,93.577,0.3909,0.1572,0.1982,22.66,21.28
5,26,1.736,2.439,0.2885,0.059,0.0678,4.08,3.51
5,27,12.544,16.547,0.2419,0.0758,0.0808,10.69,10.1
5,28,3.378,3.879,0.129,0.0797,0.0833,5.14,5.0
5,29,765.975,780.704,0.0189,0.2282,0.2338,71.25,69.33
5,30,3793.445,3822.772,0.0077,0.5197,0.5268,135.77,129.46
5,31,6.567,7.355,0.1072,0.1412,0.1374,6.62,6.5
5,32,3.825,4.236,0.0969,0.1283,0.1273,5.58,5.45
5,33,42.414,48.766,0.1303,0.169,0.1567,16.86,15.5
5,34,7.447,7.447,0.0,0.0492,0.0492,6.98,6.98
5,35,450.03,451.714,0.0037,0.2874,0.2845,51.67,49.75
5,36,344.833,353.465,0.0244,0.3675,0.3549,42.19,40.53
5,37,401.555,533.183,0.2469,0.276,0.3128,57.5,53.08
5,38,58.832,81.512,0.2782,0.1612,0.175,23.71,22.29
5,39,27.277,29.321,0.0697,0.1435,0.1512,15.62,15.03
5,40,14.118,14.118,0.0,0.2381,0.2381,9.65,9.65
5,41,64.128,67.285,0.0469,0.2597,0.2463,20.96,19.58
5,42,1.522,1.522,0.0,0.0689,0.0689,3.29,3.29
5,43,102.197,104.081,0.0181,0.3441,0.3436,26.86,24.51
5,44,0.113,0.113,0.0,0.0149,0.0149,0.97,0.97
5,45,41.053,72.712,0.4354,0.1735,0.2414,19.75,19.14
5,46,28.613,37.519,0.2374,0.1572,0.2141,15.98,14.73
5,47,76.211,84.355,0.0965,0.2077,0.2263,27.26,23.96
5,48,119.616,120.88,0.0105,0.231,0.2149,30.47,30.33
5,49,59.164,59.698,0.0089,0.1495,0.1536,19.31,18.85
5,50,63.719,64.914,0.0184,0.2138,0.1834,22.46,21.12
5,51,18.205,25.256,0.2792,0.1132,0.1187,13.07,11.52
5,52,22.391,23.382,0.0424,0.2801,0.2572,12.17,10.5
5,53,49.221,52.931,0.0701,0.1641,0.166,16.99,16.18
5,54,19.094,26.297,0.2739,0.0816,0.0766,12.57,11.92
5,55,46.575,61.138,0.2382,0.2615,0.2641,19.93,17.71
5,56,0.471,0.471,0.0,0.0396,0.0396,1.93,1.93
5,57,433.378,433.378,0.0,0.3682,0.3682,48.1,48.1
5,58,5.856,6.666,0.1216,0.0876,0.087,6.6,6.14
5,59,31.095,37.381,0.1682,0.1631,0.1648,14.14,13.18
5,60,80.038,81.811,0.0217,0.1728,0.1633,24.13,22.55
5,61,70.679,79.907,0.1155,0.1954,0.2103,24.35,23.9
5,62,5.996,7.57,0.2079,0.058,0.064,6.35,6.04
5,63,287.288,346.925,0.1719,0.3639,0.3798,42.19,39.26
5,64,52.504,55.885,0.0605,0.1947,0.192,21.52,19.11
5,65,94.512,95.914,0.0146,0.2064,0.2151,25.62,24.94
5,66,92.909,107.065,0.1322,0.3044,0.2887,27.16,24.16
5,67,4.036,5.0,0.1928,0.0716,0.0765,5.98,5.32
5,68,48.714,54.347,0.1037,0.1696,0.1852,17.75,17.37
5,69,73.503,80.214,0.0837,0.2272,0.2089,22.95,19.99
5,70,23.517,23.517,0.0,0.1501,0.1501,11.5,11.5
5,71,139.959,145.765,0.0398,0.3425,0.3424,29.76,29.12
5,72,198.282,205.843,0.0367,0.198,0.191,32.39,31.81
5,73,88.504,96.768,0.0854,0.4346,0.3842,24.33,21.59
5,74,486.318,487.662,0.0028,0.3377,0.3431,58.98,56.68
5,75,17.104,17.721,0.0348,0.111,0.1134,12.02,11.16
5,76,29.081,29.081,0.0,0.1452,0.1452,14.65,14.65
5,77,719.817,721.218,0.0019,0.4006,0.3893,59.31,55.94
5,78,54.322,54.322,0.0,0.2422,0.2422,18.74,18.74
5,79,9.614,10.632,0.0957,0.1118,0.1265,9.4,9.16
5,80,37.109,37.109,0.0,0.0776,0.0776,17.21,17.21
5,81,26.079,27.084,0.0371,0.1075,0.0923,15.98,14.99
5,82,29.688,39.299,0.2446,0.1168,0.1541,15.7,15.1
5,83,5.163,7.371,0.2996,0.0638,0.073,6.73,6.36
5,84,65.278,65.278,0.0,0.2605,0.2605,20.05,20.05
5,85,10.892,11.353,0.0406,0.1051,0.1029,9.32,8.37
5,86,61.533,62.451,0.0147,0.2344,0.2353,18.13,18.12
5,87,3.79,4.601,0.1762,0.0717,0.0721,5.53,5.02
5,88,26.279,41.269,0.3632,0.1089,0.1349,14.93,13.98
5,89,44.901,47.014,0.045,0.153,0.1608,17.66,17.03
5,90,85.87,92.291,0.0696,0.2436,0.2479,25.11,23.96
5,91,11.009,11.415,0.0355,0.1175,0.1108,8.88,7.64
5,92,64.849,69.938,0.0728,0.2386,0.2288,22.15,19.22
5,93,67.719,67.818,0.0015,0.1672,0.1512,21.41,21.15
5,94,1.281,1.281,0.0,0.0367,0.0367,2.84,2.84
5,95,65.327,65.327,0.0,0.3166,0.3166,18.74,18.74
5,96,22.514,22.514,0.0,0.0961,0.0961,12.74,12.74
5,97,103.897,125.341,0.1711,0.2321,0.2266,30.02,27.61
5,98,1024.986,1067.344,0.0397,0.2835,0.2931,88.99,82.83
5,99,4.354,4.701,0.0738,0.1134,0.1135,5.21,5.05
10,0,211.652,213.835,0.0102,0.2946,0.2949,45.43,41.36
10,1,20.998,24.445,0.141,0.193,0.2105,14.94,13.39
10,2,150.947,158.201,0.0459,0.3639,0.3608,37.33,35.47
10,3,14.412,15.455,0.0675,0.1397,0.1363,11.41,10.86
10,4,86.161,93.327,0.0768,0.2229,0.2323,27.6,26.34
10,5,537.694,537.694,0.0,0.4331,0.4331,62.43,62.43
10,6,164.724,170.813,0.0356,0.3882,0.3694,42.33,37.54
10,7,294.121,298.32,0.0141,0.3569,0.3564,52.47,51.37
10,8,17.826,18.479,0.0353,0.2509,0.2762,11.34,11.11
10,9,843.906,928.372,0.091,0.3777,0.4222,84.67,76.91
10,10,87.783,112.718,0.2212,0.2462,0.2851,38.52,32.56
10,11,68.525,70.791,0.032,0.2097,0.1976,23.44,22.44
10,12,545.078,625.878,0.1291,0.3553,0.3664,76.46,65.63
10,13,37.752,47.673,0.2081,0.2309,0.2456,20.87,17.98
10,14,325.087,331.474,0.0193,0.3688,0.3643,55.24,50.4
10,15,20.845,28.204,0.2609,0.1695,0.185,17.18,16.59
10,16,426.435,434.294,0.0181,0.3373,0.3574,64.43,64.36
10,17,235.722,235.722,0.0,0.2983,0.2983,39.91,39.91
10,18,52.768,71.123,0.2581,0.2718,0.3112,26.46,22.42
10,19,445.334,448.91,0.008,0.3867,0.3923,63.1,60.68
10,20,49.653,51.991,0.045,0.2445,0.2656,23.71,21.57
10,21,52.503,54.843,0.0427,0.2236,0.2221,22.56,19.83
10,22,20.373,21.834,0.0669,0.2133,0.2219,14.39,13.74
10,23,478.989,492.995,0.0284,0.4094,0.3928,58.99,57.19
10,24,168.05,182.959,0.0815,0.4584,0.3909,42.39,37.18
10,25,125.646,126.021,0.003,0.2413,0.2377,33.1,32.92
10,26,54.47,74.881,0.2726,0.2326,0.2456,25.19,22.58
10,27,828.256,897.088,0.0767,0.3415,0.3627,84.3,76.3
10,28,39.441,43.785,0.0992,0.196,0.2351,19.53,18.19
10,29,1025.674,1081.212,0.0514,0.4364,0.4117,100.22,92.33
10,30,2220.499,2241.751,0.0095,0.5561,0.5419,134.71,129.46
10,31,11.476,12.101,0.0517,0.1659,0.1859,11.77,10.07
10,32,77.091,102.936,0.2511,0.4021,0.4021,31.13,27.63
10,33,85.044,97.833,0.1307,0.2158,0.2257,30.36,28.17
10,34,610.312,683.474,0.107,0.4307,0.4609,80.83,65.69
10,35,429.275,459.954,0.0667,0.3105,0.3232,57.82,52.82
10,36,264.493,344.422,0.2321,0.4213,0.4645,47.06,44.95
10,37,329.323,366.724,0.102,0.2954,0.2949,60.1,54.35
10,38,214.834,221.933,0.032,0.2878,0.3,46.75,45.78
10,39,69.378,73.372,0.0544,0.2251,0.2242,22.92,21.54
10,40,135.623,138.997,0.0243,0.3604,0.3523,37.0,33.3
10,41,386.716,459.86,0.1591,0.3893,0.4097,63.41,51.7
10,42,16.45,19.679,0.1641,0.1752,0.25,16.97,11.75
10,43,72.784,73.645,0.0117,0.3229,0.3422,25.6,24.51
10,44,60.86,69.807,0.1282,0.2066,0.2146,26.49,25.0
10,45,243.796,293.991,0.1707,0.3912,0.3794,48.08,46.54
10,46,33.729,33.729,0.0,0.1474,0.1474,17.0,17.0
10,47,62.888,71.86,0.1248,0.256,0.2736,26.64,23.96
10,48,123.275,123.275,0.0,0.3408,0.3408,30.47,30.47
10,49,365.867,375.657,0.0261,0.3844,0.3815,55.57,52.39
10,50,638.428,763.019,0.1633,0.4129,0.4075,87.85,68.7
10,51,297.818,339.965,0.124,0.3217,0.3163,53.24,50.27
10,52,19.59,21.428,0.0858,0.2835,0.3024,14.5,11.94
10,53,101.65,121.78,0.1653,0.278,0.2842,35.23,31.13
10,54,117.065,134.198,0.1277,0.2725,0.3211,34.06,31.03
10,55,316.224,316.224,0.0,0.4472,0.4472,48.03,48.03
10,56,175.695,188.894,0.0699,0.3876,0.4005,39.07,35.5
10,57,865.164,884.424,0.0218,0.4578,0.4826,86.02,82.4
10,58,314.458,321.764,0.0227,0.3195,0.3235,52.32,51.61
10,59,87.373,98.463,0.1126,0.2378,0.2306,31.44,29.02
10,60,186.414,192.681,0.0325,0.2762,0.2952,44.24,39.96
10,61,151.137,166.776,0.0938,0.2252,0.2394,41.67,38.65
10,62,402.65,417.494,0.0356,0.4266,0.4347,57.88,56.93
10,63,193.172,197.749,0.0231,0.3673,0.3798,42.19,41.1
10,64,63.586,69.018,0.0787,0.2976,0.3049,26.21,25.34
10,65,1142.651,1239.551,0.0782,0.4775,0.4838,100.72,90.8
10,66,473.468,480.03,0.0137,0.4537,0.4627,64.36,58.55
10,67,212.992,221.842,0.0399,0.3397,0.3113,41.82,38.57
10,68,206.221,217.709,0.0528,0.288,0.2714,42.95,42.26
10,69,105.313,114.356,0.0791,0.2995,0.3037,29.17,27.29
10,70,70.256,74.035,0.051,0.234,0.2492,25.3,23.85
10,71,99.954,107.491,0.0701,0.3302,0.3519,35.02,31.41
10,72,325.646,379.661,0.1423,0.3734,0.3838,59.32,52.84
10,73,467.331,470.306,0.0063,0.3725,0.3792,60.17,58.65
10,74,365.707,378.682,0.0343,0.3694,0.3423,61.45,56.68
10,75,326.624,326.624,0.0,0.3095,0.3095,48.79,48.79
10,76,75.967,79.014,0.0386,0.2568,0.2573,27.45,26.99
10,77,514.426,599.691,0.1422,0.4054,0.3788,67.93,56.13
10,78,40.963,40.963,0.0,0.2263,0.2263,19.88,19.88
10,79,358.318,365.403,0.0194,0.4944,0.4954,53.32,52.0
10,80,826.069,850.648,0.0289,0.4051,0.3924,87.48,82.95
10,81,69.443,85.814,0.1908,0.1543,0.1739,29.38,27.81
10,82,366.034,392.387,0.0672,0.4323,0.3985,60.92,56.04
10,83,24.838,27.447,0.095,0.135,0.1511,14.85,14.6
10,84,202.836,230.635,0.1205,0.3798,0.3667,44.51,41.41
10,85,170.708,174.251,0.0203,0.3614,0.3745,42.13,39.5
10,86,90.45,98.871,0.0852,0.2559,0.2562,30.19,27.44
10,87,465.461,490.809,0.0516,0.3206,0.327,66.88,56.77
10,88,214.783,219.317,0.0207,0.2698,0.2742,51.69,47.52
10,89,149.886,201.394,0.2558,0.2561,0.2918,40.59,38.15
10,90,487.44,575.286,0.1527,0.3451,0.304,74.73,64.66
10,91,21.123,24.053,0.1218,0.1697,0.1857,15.3,14.09
10,92,60.371,64.959,0.0706,0.2632,0.2451,22.67,21.5
10,93,102.703,109.915,0.0656,0.342,0.3299,29.89,28.14
10,94,1672.7,1762.052,0.0507,0.3843,0.3571,120.94,103.39
10,95,74.019,92.162,0.1969,0.334,0.331,29.05,26.81
10,96,83.229,98.798,0.1576,0.2299,0.2247,30.53,27.16
10,97,121.282,122.565,0.0105,0.2697,0.2665,32.91,30.65
10,98,1512.838,1541.956,0.0189,0.4457,0.4404,111.41,103.35
10,99,44.662,50.625,0.1178,0.2044,0.2301,24.36,22.19
20,0,457.856,457.856,0.0,0.3561,0.3561,67.72,67.72
20,1,60.244,77.197,0.2196,0.2419,0.2774,31.56,29.56
20,2,192.086,203.338,0.0553,0.376,0.3804,50.3,43.2
20,3,40.944,48.983,0.1641,0.1945,0.204,26.62,24.79
20,4,450.996,531.661,0.1517,0.443,0.4703,90.13,73.01
20,5,343.688,348.995,0.0152,0.3981,0.4,68.84,62.43
20,6,306.531,312.18,0.0181,0.3987,0.3939,57.14,54.17
20,7,204.912,205.838,0.0045,0.3507,0.3459,52.47,51.99
20,8,73.001,79.777,0.0849,0.3587,0.357,31.32,27.08
20,9,614.918,649.627,0.0534,0.4255,0.465,83.88,76.91
20,10,855.115,901.528,0.0515,0.4323,0.4633,122.01,108.54
20,11,71.85,94.55,0.2401,0.2482,0.305,30.67,29.72
20,12,1284.166,1388.816,0.0754,0.4979,0.5076,134.09,117.23
20,13,155.843,163.292,0.0456,0.3484,0.3554,46.72,44.49
20,14,299.974,305.808,0.0191,0.3984,0.3929,60.83,57.35
20,15,375.211,426.856,0.121,0.4031,0.3835,79.47,69.08
20,16,787.693,840.272,0.0626,0.4573,0.4891,90.46,87.99
20,17,449.832,476.903,0.0568,0.4308,0.4633,67.82,65.38
20,18,394.094,397.157,0.0077,0.4562,0.45,59.52,58.23
20,19,379.984,390.75,0.0276,0.3768,0.3827,67.87,62.77
20,20,503.891,526.554,0.043,0.3974,0.3822,79.69,74.0
20,21,245.568,246.11,0.0022,0.382,0.3736,59.51,59.08
20,22,84.558,101.238,0.1648,0.3192,0.3317,34.95,32.42
20,23,334.25,334.263,0.0,0.4506,0.4687,60.5,58.63
20,24,136.055,139.221,0.0227,0.3833,0.3795,39.48,38.7
20,25,169.116,194.859,0.1321,0.3115,0.3622,44.4,41.57
20,26,57.444,59.232,0.0302,0.2737,0.2608,24.55,24.04
20,27,574.424,639.406,0.1016,0.375,0.3881,92.1,76.77
20,28,40.246,40.246,0.0,0.2811,0.2811,22.0,22.0
20,29,723.547,807.472,0.1039,0.4521,0.4873,101.07,94.43
20,30,1271.968,1331.432,0.0447,0.4811,0.4585,136.43,129.46
20,31,30.272,31.244,0.0311,0.1984,0.1988,19.68,19.19
20,32,183.61,194.787,0.0574,0.3922,0.3679,49.09,39.25
20,33,126.689,127.489,0.0063,0.2695,0.2726,41.7,38.44
20,34,662.072,693.247,0.045,0.4408,0.4345,97.63,86.99
20,35,448.194,466.292,0.0388,0.3451,0.3522,68.29,58.4
20,36,623.562,729.975,0.1458,0.4519,0.4959,99.74,83.37
20,37,573.147,617.641,0.072,0.4373,0.4173,91.51,72.92
20,38,341.141,381.594,0.106,0.3374,0.327,68.75,64.72
20,39,558.776,564.478,0.0101,0.3867,0.3761,76.51,72.86
20,40,308.756,369.147,0.1636,0.3949,0.4242,74.77,61.82
20,41,384.931,395.801,0.0275,0.4139,0.4281,69.43,61.73
20,42,37.835,40.113,0.0568,0.2832,0.2781,23.62,22.05
20,43,58.501,61.032,0.0415,0.2977,0.3093,30.31,26.73
20,44,1547.06,1693.608,0.0865,0.5206,0.5366,132.2,124.34
20,45,245.395,262.883,0.0665,0.3844,0.3854,63.28,52.7
20,46,267.332,302.959,0.1176,0.3884,0.4056,64.32,57.82
20,47,120.586,139.627,0.1364,0.2668,0.2724,42.85,38.21
20,48,98.157,98.157,0.0,0.3378,0.3378,30.47,30.47
20,49,282.697,318.653,0.1128,0.4112,0.4019,69.26,52.39
20,50,686.578,704.106,0.0249,0.403,0.3929,79.76,72.64
20,51,583.568,680.458,0.1424,0.3316,0.356,105.03,86.55
20,52,46.757,48.897,0.0438,0.303,0.3226,30.15,25.95
20,53,158.247,191.252,0.1726,0.3807,0.4108,47.27,41.08
20,54,106.962,108.918,0.018,0.3162,0.3064,38.39,34.53
20,55,282.021,314.366,0.1029,0.443,0.4601,58.34,50.26
20,56,125.591,128.305,0.0212,0.421,0.4169,42.32,37.36
20,57,535.565,535.565,0.0,0.4537,0.4537,82.4,82.4
20,58,271.547,274.702,0.0115,0.358,0.3652,64.64,59.11
20,59,170.397,181.417,0.0607,0.3387,0.3457,49.28,49.05
20,60,223.894,238.827,0.0625,0.3746,0.3752,58.23,50.07
20,61,168.919,198.651,0.1497,0.2971,0.3215,52.73,45.49
20,62,309.188,335.317,0.0779,0.4055,0.4155,62.34,56.93
20,63,388.528,398.048,0.0239,0.3643,0.3578,68.84,63.15
20,64,51.785,53.194,0.0265,0.2889,0.2965,25.84,25.34
20,65,851.249,934.306,0.0889,0.4819,0.4665,116.58,92.54
20,66,314.822,321.499,0.0208,0.4453,0.4593,64.49,63.17
20,67,169.335,176.942,0.043,0.3478,0.3427,42.85,42.5
20,68,242.094,250.052,0.0318,0.3416,0.3488,55.79,54.73
20,69,186.193,190.404,0.0221,0.3389,0.3419,48.83,45.79
20,70,114.707,118.732,0.0339,0.272,0.2791,39.9,37.08
20,71,132.596,166.307,0.2027,0.3639,0.3611,41.83,39.81
20,72,235.903,307.541,0.2329,0.3208,0.3511,67.94,55.95
20,73,296.293,297.831,0.0052,0.33,0.3274,60.04,59.83
20,74,367.411,392.31,0.0635,0.4547,0.4636,79.65,67.95
20,75,924.303,929.602,0.0057,0.4463,0.4361,105.43,99.77
20,76,196.098,208.2,0.0581,0.3186,0.3459,47.89,43.47
20,77,636.985,664.834,0.0419,0.4697,0.4795,83.17,73.85
20,78,235.819,251.815,0.0635,0.4298,0.4352,60.57,53.1
20,79,1020.841,1168.332,0.1262,0.471,0.489,121.07,110.95
20,80,622.145,632.628,0.0166,0.5138,0.5154,86.48,85.32
20,81,764.289,892.192,0.1434,0.4558,0.4481,104.32,88.14
20,82,232.576,272.072,0.1452,0.3957,0.383,58.04,56.38
20,83,104.189,110.43,0.0565,0.2957,0.3024,39.77,36.41
20,84,304.631,314.87,0.0325,0.412,0.4279,62.12,59.71
20,85,167.119,175.794,0.0493,0.3061,0.2869,43.44,41.94
20,86,458.302,469.508,0.0239,0.3758,0.3654,86.46,81.67
20,87,326.436,442.658,0.2626,0.3102,0.353,77.78,56.77
20,88,237.674,244.27,0.027,0.2861,0.2948,62.41,58.39
20,89,273.824,352.444,0.2231,0.3757,0.377,61.35,55.09
20,90,446.369,447.988,0.0036,0.3934,0.3895,69.18,68.92
20,91,92.098,103.557,0.1107,0.2679,0.2999,36.65,35.42
20,92,70.846,75.365,0.06,0.2498,0.2554,30.22,29.71
20,93,134.199,136.629,0.0178,0.3751,0.3689,40.98,38.46
20,94,1648.176,1729.656,0.0471,0.4882,0.4687,155.87,133.83
20,95,169.199,169.199,0.0,0.4167,0.4167,44.91,44.91
20,96,373.036,406.813,0.083,0.3925,0.4021,68.51,59.72
20,97,739.982,747.203,0.0097,0.4436,0.4484,80.53,78.27
20,98,1040.523,1125.956,0.0759,0.4185,0.4263,113.97,104.38
20,99,75.634,85.357,0.1139,0.3005,0.305,29.41,29.11
50,0,405.431,439.759,0.0781,0.4233,0.42,90.76,73.64
50,1,205.747,223.655,0.0801,0.3718,0.3698,72.95,60.63
50,2,245.573,297.046,0.1733,0.4318,0.4263,75.89,59.9
50,3,487.431,568.934,0.1433,0.4349,0.4822,107.04,98.26
50,4,645.998,674.804,0.0427,0.4684,0.4668,116.41,107.94
50,5,437.878,584.681,0.2511,0.4619,0.5015,118.64,88.65
50,6,557.272,680.925,0.1816,0.4282,0.4197,121.0,92.55
50,7,239.126,260.213,0.081,0.3798,0.3977,69.98,59.81
50,8,155.227,166.719,0.0689,0.3831,0.3709,65.71,58.31
50,9,475.895,478.751,0.006,0.4534,0.4488,86.02,81.97
50,10,640.249,694.128,0.0776,0.452,0.4115,130.62,109.84
50,11,280.873,295.596,0.0498,0.42,0.4163,87.73,76.94
50,12,722.551,779.749,0.0734,0.465,0.4865,120.14,119.75
50,13,477.513,559.919,0.1472,0.4318,0.4375,97.01,93.73
50,14,472.528,562.139,0.1594,0.445,0.419,107.97,82.66
50,15,272.1,371.602,0.2678,0.4203,0.3995,93.42,70.84
50,16,876.953,934.933,0.062,0.4947,0.4968,112.93,99.03
50,17,757.016,777.754,0.0267,0.4813,0.4745,106.75,98.25
50,18,574.764,590.284,0.0263,0.4681,0.4594,77.07,75.04
50,19,417.255,469.546,0.1114,0.4475,0.419,104.07,86.25
50,20,632.898,667.22,0.0514,0.4882,0.4782,106.41,93.47
50,21,350.564,366.217,0.0427,0.4209,0.4494,93.71,85.3
50,22,345.697,356.074,0.0291,0.4395,0.4482,72.86,71.03
50,23,313.058,321.227,0.0254,0.4431,0.4398,67.44,62.35
50,24,638.936,696.815,0.0831,0.4958,0.5091,118.41,99.79
50,25,136.685,151.19,0.0959,0.3857,0.3977,45.27,41.57
50,26,245.444,257.147,0.0455,0.3679,0.3768,86.34,74.99
50,27,536.003,765.353,0.2997,0.4478,0.4452,119.36,87.24
50,28,357.513,403.724,0.1145,0.4085,0.4098,92.43,78.19
50,29,493.893,725.154,0.3189,0.4246,0.4509,120.46,94.78
50,30,840.089,1177.038,0.2863,0.4397,0.4338,164.12,129.52
50,31,37.141,39.425,0.0579,0.2248,0.2216,26.94,25.19
50,32,358.134,376.303,0.0483,0.4455,0.4541,86.78,80.48
50,33,680.852,685.737,0.0071,0.4496,0.4489,109.69,103.71
50,34,477.218,527.617,0.0955,0.45,0.4624,108.93,92.38
50,35,556.545,716.715,0.2235,0.4172,0.442,110.75,92.41
50,36,404.333,434.789,0.07,0.4503,0.458,93.25,83.6
50,37,472.0,517.246,0.0875,0.4323,0.4199,88.79,76.03
50,38,365.598,416.936,0.1231,0.4066,0.4114,85.66,75.11
50,39,636.55,669.032,0.0486,0.4252,0.4152,107.66,94.3
50,40,333.122,335.286,0.0065,0.4204,0.4222,69.15,65.69
50,41,541.739,551.798,0.0182,0.443,0.4486,109.02,105.59
50,42,134.709,135.61,0.0066,0.3707,0.369,54.73,53.9
50,43,267.866,293.053,0.0859,0.4241,0.4345,79.72,68.71
50,44,1560.067,1578.587,0.0117,0.4938,0.5128,177.47,170.74
50,45,379.529,394.857,0.0388,0.4143,0.4174,76.74,69.51
50,46,374.02,392.962,0.0482,0.4332,0.4419,72.3,69.14
50,47,443.832,491.836,0.0976,0.4057,0.4145,97.96,80.75
50,48,771.703,797.827,0.0327,0.498,0.4738,115.3,105.74
50,49,559.038,595.008,0.0605,0.4505,0.4472,89.74,82.05
50,50,488.962,510.75,0.0427,0.4197,0.4169,78.36,72.96
50,51,440.413,449.153,0.0195,0.3843,0.3842,90.66,89.21
50,52,63.056,63.056,0.0,0.3231,0.3231,31.53,31.53
50,53,234.511,248.109,0.0548,0.406,0.4048,66.35,62.87
50,54,140.993,150.611,0.0639,0.3375,0.3264,50.91,49.33
50,55,195.13,226.436,0.1383,0.4358,0.4273,68.78,51.1
50,56,183.175,218.115,0.1602,0.4444,0.4655,72.51,57.82
50,57,504.176,701.959,0.2818,0.4684,0.4705,107.9,91.79
50,58,659.305,673.585,0.0212,0.4845,0.4961,103.1,98.12
50,59,370.213,414.304,0.1064,0.4384,0.4477,82.56,78.39
50,60,440.702,449.064,0.0186,0.4526,0.4526,90.78,86.37
50,61,410.381,431.557,0.0491,0.4297,0.439,100.8,88.64
50,62,664.799,933.929,0.2882,0.4698,0.4398,145.94,105.77
50,63,400.993,436.278,0.0809,0.3925,0.3893,90.8,89.72
50,64,419.902,471.217,0.1089,0.4433,0.4755,114.57,99.08
50,65,960.427,1044.332,0.0803,0.4934,0.5036,131.85,130.93
50,66,318.593,366.407,0.1305,0.447,0.4458,85.0,72.89
50,67,410.006,490.542,0.1642,0.4076,0.4071,104.75,82.61
50,68,181.191,208.873,0.1325,0.3429,0.3706,66.6,55.79
50,69,622.921,662.813,0.0602,0.4264,0.4237,143.04,123.02
50,70,229.619,253.176,0.093,0.3572,0.3602,66.02,55.9
50,71,343.032,358.551,0.0433,0.4255,0.445,70.15,65.3
50,72,403.429,504.167,0.1998,0.3824,0.3943,93.55,76.61
50,73,323.227,339.713,0.0485,0.3792,0.3814,89.51,82.86
50,74,259.135,300.659,0.1381,0.4226,0.4433,78.1,67.95
50,75,778.496,875.197,0.1105,0.4378,0.4115,123.5,107.62
50,76,210.101,234.536,0.1042,0.3619,0.379,68.73,59.43
50,77,407.097,412.819,0.0139,0.4385,0.4442,76.39,73.85
50,78,316.202,316.202,0.0,0.4556,0.4556,68.25,68.25
50,79,624.678,656.18,0.048,0.4086,0.3762,133.22,110.95
50,80,818.046,879.16,0.0695,0.4719,0.4872,118.85,111.17
50,81,962.839,1117.989,0.1388,0.4886,0.4922,151.68,128.95
50,82,468.503,496.477,0.0563,0.4455,0.4509,89.13,81.25
50,83,486.546,500.59,0.0281,0.4136,0.4309,117.5,113.96
50,84,467.198,497.897,0.0617,0.4594,0.4656,99.3,88.37
50,85,295.734,303.589,0.0259,0.4301,0.42,74.8,68.87
50,86,348.158,393.032,0.1142,0.422,0.3891,83.82,81.67
50,87,433.239,434.349,0.0026,0.403,0.4057,71.19,67.71
50,88,331.491,360.874,0.0814,0.3606,0.3823,94.41,85.01
50,89,407.827,459.925,0.1133,0.4262,0.4226,92.29,77.99
50,90,349.904,371.893,0.0591,0.4056,0.4097,81.96,73.23
50,91,197.485,206.722,0.0447,0.353,0.3567,63.46,59.81
50,92,678.145,1017.7,0.3336,0.468,0.5321,147.63,109.22
50,93,276.92,384.079,0.279,0.431,0.4349,101.15,69.95
50,94,1114.874,1484.882,0.2492,0.5209,0.4814,191.49,141.71
50,95,245.801,279.578,0.1208,0.4367,0.4493,70.68,58.28
50,96,537.853,673.1,0.2009,0.4392,0.4353,123.8,104.57
50,97,401.669,403.314,0.0041,0.4124,0.4221,80.53,78.27
50,98,1024.452,1027.696,0.0032,0.4938,0.4945,123.23,121.69
50,99,135.395,135.976,0.0043,0.3438,0.3471,51.37,48.37
