pattern,n_coarse,n_fine,ours_variance,own_grid_opt,ref_opt,seam_gap_pct,quant_gap_pct,total_gap_pct,quant_km,ours_calls,exhaustive_calls,call_ratio,certified,certified_rounds,certified_calls,certified_gap_pct,city,n,seed
h3,438,3077,304.1416,304.1416,303.9674,0.0,0.0573,0.0573,0.2255,2510,15385,0.1631,True,5,2950,0.0573,london,5,0
square,392,2735,304.4684,304.4684,303.9674,0.0,0.1648,0.1648,0.1413,2530,13675,0.185,True,7,2880,0.1648,london,5,0
octile,392,2735,304.4684,304.4684,303.9674,0.0,0.1648,0.1648,0.1413,2565,13675,0.1876,True,7,2910,0.1648,london,5,0
triangle,393,2744,304.303,304.303,303.9674,0.0,0.1104,0.1104,0.151,2455,13720,0.1789,True,12,2950,0.1104,london,5,0
trunc_square,390,2737,304.0111,304.0111,303.9674,0.0,0.0144,0.0144,0.1082,2580,13685,0.1885,True,5,2885,0.0144,london,5,0
poisson,392,2754,304.5239,304.5239,303.9674,0.0,0.1831,0.1831,0.2225,2555,13770,0.1855,True,8,2925,0.1831,london,5,0
h3,401,2816,159.2005,159.2005,158.7245,-0.0,0.2999,0.2999,0.2386,2515,14080,0.1786,True,2,2700,0.2999,london,5,1
square,360,2511,159.1827,159.1827,158.7245,0.0,0.2887,0.2887,0.2226,2310,12555,0.184,True,4,2570,0.2887,london,5,1
octile,360,2511,159.1827,159.1827,158.7245,0.0,0.2887,0.2887,0.2226,2340,12555,0.1864,True,4,2600,0.2887,london,5,1
triangle,361,2511,159.134,159.134,158.7245,0.0,0.258,0.258,0.1177,2295,12555,0.1828,True,4,2565,0.258,london,5,1
trunc_square,362,2514,159.2469,159.2469,158.7245,0.0,0.3291,0.3291,0.2626,2315,12570,0.1842,True,5,2590,0.3291,london,5,1
poisson,360,2533,159.1437,159.1437,158.7245,0.0,0.2641,0.2641,0.1556,2245,12665,0.1773,True,6,2560,0.2641,london,5,1
h3,631,4399,2029.199,2029.199,2028.3787,0.0,0.0404,0.0404,0.1196,2490,21995,0.1132,True,19,4215,0.0404,london,5,2
square,559,3915,2028.6553,2028.6553,2028.3787,0.0,0.0136,0.0136,0.1712,2500,19575,0.1277,True,22,4205,0.0136,london,5,2
octile,559,3915,2028.6553,2028.6553,2028.3787,0.0,0.0136,0.0136,0.1712,2530,19575,0.1292,True,21,4195,0.0136,london,5,2
triangle,557,3916,2028.4664,2028.4664,2028.3787,0.0,0.0043,0.0043,0.0257,2480,19580,0.1267,True,27,4345,0.0043,london,5,2
trunc_square,564,3921,2028.6344,2028.6344,2028.3787,0.0,0.0126,0.0126,0.1253,2460,19605,0.1255,True,18,4230,0.0126,london,5,2
poisson,562,3956,2029.2438,2029.2438,2028.3787,0.0,0.0427,0.0427,0.324,2550,19780,0.1289,True,20,4160,0.0427,london,5,2
h3,149,1041,7.8995,7.8995,7.6503,0.0,3.258,3.258,0.1195,1260,5205,0.2421,True,0,1345,3.258,london,5,3
square,132,930,7.8559,7.8559,7.6503,0.0,2.6881,2.6881,0.1938,1255,4650,0.2699,True,0,1345,2.6881,london,5,3
octile,132,930,7.8559,7.8559,7.6503,0.0,2.6881,2.6881,0.1938,1280,4650,0.2753,True,0,1370,2.6881,london,5,3
triangle,131,927,8.1172,8.1172,7.6503,0.0,6.104,6.104,0.1301,1165,4635,0.2513,True,0,1275,6.104,london,5,3
trunc_square,130,932,8.5636,8.5636,7.6503,0.0,11.9389,11.9389,0.177,1240,4660,0.2661,True,0,1350,11.9389,london,5,3
poisson,140,939,7.7129,7.7129,7.6503,0.0,0.8192,0.8192,0.1245,1290,4695,0.2748,True,0,1365,0.8192,london,5,3
h3,105,743,140.6742,140.6742,140.1697,0.0,0.3599,0.3599,0.1303,970,3715,0.2611,True,1,1085,0.3599,london,5,4
square,94,663,140.1567,140.1567,140.1697,0.0,-0.0093,-0.0093,0.0633,1080,3315,0.3258,True,3,1200,-0.0093,london,5,4
octile,94,663,140.1567,140.1567,140.1697,0.0,-0.0093,-0.0093,0.0633,1125,3315,0.3394,True,2,1230,-0.0093,london,5,4
triangle,95,663,140.1858,140.1858,140.1697,0.0,0.0114,0.0114,0.0458,990,3315,0.2986,True,5,1190,0.0114,london,5,4
trunc_square,93,661,140.1574,140.1574,140.1697,0.0,-0.0088,-0.0088,0.0586,1045,3305,0.3162,True,3,1210,-0.0088,london,5,4
poisson,101,680,140.6257,140.6257,140.1697,0.0,0.3253,0.3253,0.1949,1030,3400,0.3029,True,3,1145,0.3253,london,5,4
h3,219,1519,735.1047,735.1047,734.6089,0.0,0.0675,0.0675,0.1193,1535,7595,0.2021,True,0,1630,0.0675,london,5,5
square,192,1342,735.4,735.4,734.6089,0.0,0.1077,0.1077,0.0846,1475,6710,0.2198,True,0,1545,0.1077,london,5,5
octile,192,1342,735.4,735.4,734.6089,0.0,0.1077,0.1077,0.0846,1495,6710,0.2228,True,0,1565,0.1077,london,5,5
triangle,195,1347,735.7903,735.7903,734.6089,0.0,0.1608,0.1608,0.1621,1395,6735,0.2071,True,0,1490,0.1608,london,5,5
trunc_square,191,1346,735.0002,735.0002,734.6089,0.0,0.0533,0.0533,0.0558,1490,6730,0.2214,True,1,1605,0.0533,london,5,5
poisson,185,1336,735.879,735.879,734.6089,0.0,0.1729,0.1729,0.14,1415,6680,0.2118,True,1,1525,0.1729,london,5,5
h3,439,3091,1049.0528,1049.0528,1048.906,0.0,0.014,0.014,0.1194,2525,15455,0.1634,True,30,3525,0.014,london,5,6
square,392,2752,1048.951,1048.951,1048.906,0.0,0.0043,0.0043,0.1087,2505,13760,0.182,True,29,3495,0.0043,london,5,6
octile,392,2752,1048.951,1048.951,1048.906,0.0,0.0043,0.0043,0.1087,2545,13760,0.185,True,29,3500,0.0043,london,5,6
triangle,392,2754,1049.146,1049.146,1048.906,0.0,0.0229,0.0229,2.8554,2435,13770,0.1768,True,36,3760,0.0229,london,5,6
trunc_square,391,2750,1049.2433,1049.2433,1048.906,0.0,0.0321,0.0321,0.3377,2530,13750,0.184,True,24,3630,0.0321,london,5,6
poisson,401,2760,1049.0917,1049.0917,1048.906,0.0,0.0177,0.0177,0.2788,2560,13800,0.1855,True,32,3595,0.0177,london,5,6
h3,97,683,1.876,1.876,1.7872,-0.0,4.9699,4.9699,0.1196,995,3415,0.2914,True,0,1075,4.9699,london,5,7
square,85,610,2.4341,2.4341,1.7872,0.0,36.1967,36.1967,0.1957,985,3050,0.323,True,0,1060,36.1967,london,5,7
octile,85,610,2.4341,2.4341,1.7872,0.0,36.1967,36.1967,0.1957,1005,3050,0.3295,True,0,1080,36.1967,london,5,7
triangle,87,607,1.7597,1.7597,1.7872,0.0,-1.5374,-1.5374,0.0416,905,3035,0.2982,True,0,995,-1.5374,london,5,7
trunc_square,86,608,1.7308,1.7308,1.7872,0.0,-3.1571,-3.1571,0.0509,915,3040,0.301,True,0,975,-3.1571,london,5,7
poisson,94,610,1.7831,1.7831,1.7872,0.0,-0.2289,-0.2289,0.1054,995,3050,0.3262,True,0,1055,-0.2289,london,5,7
h3,152,1049,32.2729,32.2729,32.2333,0.0,0.1229,0.1229,0.2254,1220,5245,0.2326,True,0,1290,0.1229,london,5,8
square,134,938,32.3939,32.3939,32.2333,0.0,0.4984,0.4984,0.0555,1160,4690,0.2473,True,0,1240,0.4984,london,5,8
octile,134,938,32.3939,32.3939,32.2333,0.0,0.4984,0.4984,0.0555,1185,4690,0.2527,True,0,1265,0.4984,london,5,8
triangle,133,935,32.1734,32.1734,32.2333,0.0,-0.1856,-0.1856,0.0864,1130,4675,0.2417,True,1,1245,-0.1856,london,5,8
trunc_square,133,935,33.0596,33.0596,32.2333,0.0,2.5636,2.5636,0.4092,1165,4675,0.2492,True,0,1245,2.5636,london,5,8
poisson,128,946,32.7839,32.7839,32.2333,0.0,1.7084,1.7084,0.4233,1170,4730,0.2474,True,0,1280,1.7084,london,5,8
h3,197,1376,804.1463,804.1463,803.0125,0.0,0.1412,0.1412,0.1195,1440,6880,0.2093,True,7,1660,0.1412,london,5,9
square,176,1223,803.6426,803.6426,803.0125,0.0,0.0785,0.0785,0.0792,1400,6115,0.2289,True,4,1580,0.0785,london,5,9
octile,176,1223,803.6426,803.6426,803.0125,0.0,0.0785,0.0785,0.0792,1435,6115,0.2347,True,4,1610,0.0785,london,5,9
triangle,176,1226,804.8074,804.8074,803.0125,0.0,0.2235,0.2235,0.2507,1360,6130,0.2219,True,8,1675,0.2235,london,5,9
trunc_square,174,1227,802.9744,802.9744,803.0125,0.0,-0.0047,-0.0047,0.0179,1395,6135,0.2274,True,7,1680,-0.0047,london,5,9
poisson,183,1240,803.7069,803.7069,803.0125,0.0,0.0865,0.0865,0.1233,1385,6200,0.2234,True,7,1660,0.0865,london,5,9
h3,332,2319,96.2546,96.2546,96.2368,0.0,0.0185,0.0185,0.1302,2155,11595,0.1859,True,8,2395,0.0185,london,5,10
square,297,2069,96.3036,96.3036,96.2368,0.0,0.0694,0.0694,0.0534,2030,10345,0.1962,True,8,2340,0.0694,london,5,10
octile,297,2069,96.3036,96.3036,96.2368,0.0,0.0694,0.0694,0.0534,2075,10345,0.2006,True,8,2380,0.0694,london,5,10
triangle,297,2067,96.2629,96.2629,96.2368,0.0,0.0271,0.0271,0.0855,1970,10335,0.1906,True,12,2415,0.0271,london,5,10
trunc_square,295,2070,96.5515,96.5515,96.2368,0.0,0.327,0.327,0.143,1970,10350,0.1903,True,7,2370,0.327,london,5,10
poisson,285,2081,96.5524,96.5524,96.2368,0.0,0.328,0.328,0.2234,2105,10405,0.2023,True,7,2380,0.328,london,5,10
h3,244,1723,106.195,106.195,105.644,0.0,0.5216,0.5216,0.2499,1725,8615,0.2002,True,12,2080,0.5216,london,5,11
square,219,1541,106.2822,106.2822,105.644,0.0,0.6041,0.6041,0.2376,1660,7705,0.2154,True,17,2210,0.6041,london,5,11
octile,219,1541,106.2822,106.2822,105.644,0.0,0.6041,0.6041,0.2376,1695,7705,0.22,True,17,2235,0.6041,london,5,11
triangle,218,1536,105.8579,105.8579,105.644,0.0,0.2025,0.2025,0.0736,1565,7680,0.2038,True,22,2315,0.2025,london,5,11
trunc_square,219,1540,106.176,106.176,105.644,0.0,0.5036,0.5036,0.2646,1715,7700,0.2227,True,12,2365,0.5036,london,5,11
poisson,218,1527,105.9689,105.9689,105.644,0.0,0.3076,0.3076,0.1596,1670,7635,0.2187,True,19,2265,0.3076,london,5,11
h3,436,3024,264.9262,264.9262,264.6455,0.0,0.1061,0.1061,0.125,3012,18144,0.166,True,6,3516,0.1061,london,6,0
square,382,2697,264.8892,264.8892,264.6455,0.0,0.0921,0.0921,0.0797,2934,16182,0.1813,True,8,3444,0.0921,london,6,0
octile,382,2697,264.8892,264.8892,264.6455,0.0,0.0921,0.0921,0.0797,2976,16182,0.1839,True,8,3474,0.0921,london,6,0
triangle,383,2698,265.4424,265.4424,264.6455,0.0,0.3011,0.3011,0.2188,2934,16188,0.1812,True,11,3504,0.3011,london,6,0
trunc_square,386,2692,264.6106,264.6106,264.6455,0.0,-0.0132,-0.0132,0.0536,2982,16152,0.1846,True,5,3396,-0.0132,london,6,0
poisson,397,2707,265.3843,265.3843,264.6455,0.0,0.2792,0.2792,0.1122,3024,16242,0.1862,True,7,3396,0.2792,london,6,0
h3,404,2800,205.5972,205.5972,205.5972,0.0,0.0,0.0,0.0,2982,16800,0.1775,True,3,3222,0.0,london,6,1
square,360,2491,205.8829,205.8829,205.5972,0.0,0.139,0.139,0.2005,2778,14946,0.1859,True,4,3096,0.139,london,6,1
octile,360,2491,205.8829,205.8829,205.5972,0.0,0.139,0.139,0.2005,2820,14946,0.1887,True,4,3132,0.139,london,6,1
triangle,361,2493,206.1327,206.1327,205.5972,0.0,0.2605,0.2605,0.1163,2772,14958,0.1853,True,6,3150,0.2605,london,6,1
trunc_square,360,2500,206.4781,206.4781,205.5972,0.0,0.4284,0.4284,0.2614,2748,15000,0.1832,True,5,3072,0.4284,london,6,1
poisson,372,2498,206.446,206.446,205.5972,0.0,0.4128,0.4128,0.2222,2808,14988,0.1873,True,5,3108,0.4128,london,6,1
h3,829,5812,1722.0369,1709.4587,1708.7912,0.7358,0.0391,0.7751,0.1252,3030,34872,0.0869,True,17,6438,0.0391,london,6,2
square,741,5173,1709.8617,1709.8617,1708.7912,0.0,0.0626,0.0626,0.1585,3000,31038,0.0967,True,14,5838,0.0626,london,6,2
octile,741,5173,1709.8617,1709.8617,1708.7912,0.0,0.0626,0.0626,0.1585,3030,31038,0.0976,True,14,5856,0.0626,london,6,2
triangle,740,5170,1710.4003,1710.4003,1708.7912,0.0,0.0942,0.0942,0.2293,3012,31020,0.0971,True,20,6174,0.0942,london,6,2
trunc_square,738,5179,1709.8362,1709.8362,1708.7912,0.0,0.0612,0.0612,0.1407,3120,31074,0.1004,True,12,6102,0.0612,london,6,2
poisson,749,5234,1709.1349,1709.1349,1708.7912,0.0,0.0201,0.0201,0.0689,3048,31404,0.0971,True,18,6012,0.0201,london,6,2
h3,147,1031,28.5948,28.5948,28.4503,-0.0,0.5081,0.5081,0.2256,1512,6186,0.2444,True,2,1650,0.5081,london,6,3
square,130,924,28.7285,28.7285,28.4503,0.0,0.9779,0.9779,0.3169,1422,5544,0.2565,True,5,1668,0.9779,london,6,3
octile,130,924,28.7285,28.7285,28.4503,0.0,0.9779,0.9779,0.3169,1452,5544,0.2619,True,5,1698,0.9779,london,6,3
triangle,131,920,28.5851,28.5851,28.4503,0.0,0.4741,0.4741,0.0817,1452,5520,0.263,True,1,1620,0.4741,london,6,3
trunc_square,130,916,28.5267,28.5267,28.4503,0.0,0.2687,0.2687,0.1734,1410,5496,0.2566,True,4,1686,0.2687,london,6,3
poisson,126,930,29.0874,29.0874,28.4503,0.0,2.2395,2.2395,0.5029,1476,5580,0.2645,True,3,1662,2.2395,london,6,3
h3,147,1042,117.3215,117.3215,116.8737,0.0,0.3831,0.3831,0.1303,1422,6252,0.2274,True,1,1572,0.3831,london,6,4
square,131,935,116.9332,116.9332,116.8737,0.0,0.0509,0.0509,0.2091,1428,5610,0.2545,True,1,1566,0.0509,london,6,4
octile,131,935,116.9332,116.9332,116.8737,0.0,0.0509,0.0509,0.2091,1458,5610,0.2599,True,1,1590,0.0509,london,6,4
triangle,133,933,116.919,116.919,116.8737,0.0,0.0388,0.0388,0.0829,1410,5598,0.2519,True,5,1686,0.0388,london,6,4
trunc_square,136,935,116.8424,116.8424,116.8737,0.0,-0.0268,-0.0268,0.0644,1386,5610,0.2471,True,5,1710,-0.0268,london,6,4
poisson,140,942,116.9536,116.9536,116.8737,0.0,0.0683,0.0683,0.068,1410,5652,0.2495,True,6,1668,0.0683,london,6,4
h3,252,1756,665.2484,665.2484,664.6104,0.0,0.096,0.096,0.125,2052,10536,0.1948,True,0,2178,0.096,london,6,5
square,221,1564,666.1656,666.1656,664.6104,0.0,0.234,0.234,0.1187,1914,9384,0.204,True,1,2064,0.234,london,6,5
octile,221,1564,666.1656,666.1656,664.6104,0.0,0.234,0.234,0.1187,1938,9384,0.2065,True,1,2088,0.234,london,6,5
triangle,224,1561,665.4876,665.4876,664.6104,0.0,0.132,0.132,0.1633,1914,9366,0.2044,True,1,2058,0.132,london,6,5
trunc_square,222,1563,665.7989,665.7989,664.6104,0.0,0.1788,0.1788,0.1609,1938,9378,0.2067,True,0,2064,0.1788,london,6,5
poisson,224,1587,664.5631,664.5631,664.6104,0.0,-0.0071,-0.0071,0.0169,1926,9522,0.2023,True,2,2154,-0.0071,london,6,5
h3,525,3680,996.153,996.153,996.0076,0.0,0.0146,0.0146,0.1251,3012,22080,0.1364,True,31,4788,0.0146,london,6,6
square,469,3278,996.3594,996.3594,996.0076,0.0,0.0353,0.0353,0.2311,3102,19668,0.1577,True,31,4788,0.0353,london,6,6
octile,469,3278,996.3594,996.3594,996.0076,0.0,0.0353,0.0353,0.2311,3162,19668,0.1608,True,31,4794,0.0353,london,6,6
triangle,471,3273,996.4239,996.4239,996.0076,0.0,0.0418,0.0418,0.2723,2988,19638,0.1522,True,42,5160,0.0418,london,6,6
trunc_square,466,3282,996.3448,996.3448,996.0076,0.0,0.0339,0.0339,0.3546,3072,19692,0.156,True,29,4998,0.0339,london,6,6
poisson,465,3310,996.2955,996.2955,996.0076,0.0,0.0289,0.0289,0.2178,3192,19860,0.1607,True,36,4920,0.0289,london,6,6
h3,103,718,4.448,4.448,4.0593,0.0,9.5755,9.5755,0.1303,1212,4308,0.2813,True,0,1302,9.5755,london,6,7
square,89,641,4.4369,4.4369,4.0593,0.0,9.3008,9.3008,0.1086,1188,3846,0.3089,True,0,1302,9.3008,london,6,7
octile,89,641,4.4369,4.4369,4.0593,0.0,9.3008,9.3008,0.1086,1242,3846,0.3229,True,0,1356,9.3008,london,6,7
triangle,88,639,4.3165,4.3165,4.0593,0.0,6.3355,6.3355,0.0779,1068,3834,0.2786,True,1,1230,6.3355,london,6,7
trunc_square,91,640,4.0232,4.0232,4.0593,0.0,-0.8894,-0.8894,0.0752,1182,3840,0.3078,True,0,1272,-0.8894,london,6,7
poisson,92,644,4.024,4.024,4.0593,0.0,-0.8705,-0.8705,0.0386,1248,3864,0.323,True,0,1344,-0.8705,london,6,7
h3,170,1187,36.4122,36.4122,36.0754,0.0,0.9336,0.9336,0.1249,1560,7122,0.219,True,0,1674,0.9336,london,6,8
square,149,1053,36.2673,36.2673,36.0754,0.0,0.532,0.532,0.1945,1548,6318,0.245,True,0,1674,0.532,london,6,8
octile,149,1053,36.2673,36.2673,36.0754,0.0,0.532,0.532,0.1945,1572,6318,0.2488,True,0,1698,0.532,london,6,8
triangle,152,1055,36.7022,36.7022,36.0754,0.0,1.7376,1.7376,0.2377,1428,6330,0.2256,True,2,1614,1.7376,london,6,8
trunc_square,151,1057,36.2351,36.2351,36.0754,0.0,0.4428,0.4428,0.0906,1548,6342,0.2441,True,0,1680,0.4428,london,6,8
poisson,161,1068,37.0059,37.0059,36.0754,0.0,2.5792,2.5792,0.2339,1626,6408,0.2537,True,0,1692,2.5792,london,6,8
h3,221,1572,698.5834,698.5834,697.4284,0.0,0.1656,0.1656,0.1302,1914,9432,0.2029,True,7,2220,0.1656,london,6,9
square,199,1395,697.4828,697.4828,697.4284,0.0,0.0078,0.0078,0.0441,1794,8370,0.2143,True,8,2196,0.0078,london,6,9
octile,199,1395,697.4828,697.4828,697.4284,0.0,0.0078,0.0078,0.0441,1824,8370,0.2179,True,8,2220,0.0078,london,6,9
triangle,198,1402,697.5529,697.5529,697.4284,0.0,0.0179,0.0179,0.0537,1770,8412,0.2104,True,11,2280,0.0179,london,6,9
trunc_square,202,1401,697.7619,697.7619,697.4284,0.0,0.0478,0.0478,0.0602,1860,8406,0.2213,True,6,2220,0.0478,london,6,9
poisson,198,1418,698.6925,698.6925,697.4284,0.0,0.1813,0.1813,0.1434,1932,8508,0.2271,True,6,2226,0.1813,london,6,9
h3,396,2750,98.8918,98.8918,98.7008,0.0,0.1934,0.1934,0.1302,2970,16500,0.18,True,3,3180,0.1934,london,6,10
square,350,2447,98.6911,98.6911,98.7008,0.0,-0.0099,-0.0099,0.0332,2760,14682,0.188,True,7,3150,-0.0099,london,6,10
octile,350,2447,98.6911,98.6911,98.7008,0.0,-0.0099,-0.0099,0.0332,2790,14682,0.19,True,7,3180,-0.0099,london,6,10
triangle,351,2448,98.7843,98.7843,98.7008,0.0,0.0846,0.0846,0.1147,2670,14688,0.1818,True,9,3120,0.0846,london,6,10
trunc_square,350,2450,98.7203,98.7203,98.7008,0.0,0.0197,0.0197,0.0487,2772,14700,0.1886,True,2,3012,0.0197,london,6,10
poisson,348,2477,98.7013,98.7013,98.7008,0.0,0.0005,0.0005,0.0526,2748,14862,0.1849,True,8,3138,0.0005,london,6,10
h3,278,1937,92.041,92.041,92.0272,0.0,0.0149,0.0149,0.1249,2280,11622,0.1962,True,16,2796,0.0149,london,6,11
square,244,1719,92.0389,92.0389,92.0272,0.0,0.0127,0.0127,0.1096,2148,10314,0.2083,True,15,2772,0.0127,london,6,11
octile,244,1719,92.0389,92.0389,92.0272,0.0,0.0127,0.0127,0.1096,2196,10314,0.2129,True,15,2808,0.0127,london,6,11
triangle,246,1725,92.0681,92.0681,92.0272,0.0,0.0444,0.0444,0.0462,2070,10350,0.2,True,23,3024,0.0444,london,6,11
trunc_square,245,1721,92.062,92.062,92.0272,0.0,0.0377,0.0377,0.2083,2226,10326,0.2156,True,15,2994,0.0377,london,6,11
poisson,247,1730,92.0868,92.0868,92.0272,0.0,0.0647,0.0647,0.1571,2322,10380,0.2237,True,19,2928,0.0647,london,6,11
h3,446,3129,893.2086,893.2086,892.125,0.0,0.1215,0.1215,0.1194,3493,21903,0.1595,True,8,4235,0.1215,london,7,0
square,395,2791,892.6234,892.6234,892.125,0.0,0.0559,0.0559,0.1098,3528,19537,0.1806,True,10,4172,0.0559,london,7,0
octile,395,2791,892.6234,892.6234,892.125,0.0,0.0559,0.0559,0.1098,3577,19537,0.1831,True,10,4214,0.0559,london,7,0
triangle,401,2783,892.4141,892.4141,892.125,0.0,0.0324,0.0324,0.0923,3451,19481,0.1771,True,17,4361,0.0324,london,7,0
trunc_square,398,2792,892.4104,892.4104,892.125,0.0,0.032,0.032,0.0784,3570,19544,0.1827,True,9,4270,0.032,london,7,0
poisson,396,2814,892.7305,892.7305,892.125,0.0,0.0679,0.0679,0.1026,3605,19698,0.183,True,9,4207,0.0679,london,7,0
h3,433,3012,330.7953,330.7953,330.6276,0.0,0.0507,0.0507,0.1193,3514,21084,0.1667,True,11,4270,0.0507,london,7,1
square,385,2683,331.0828,331.0828,330.6276,0.0,0.1377,0.1377,0.2576,3493,18781,0.186,True,11,4144,0.1377,london,7,1
octile,385,2683,331.0828,331.0828,330.6276,0.0,0.1377,0.1377,0.2576,3542,18781,0.1886,True,11,4179,0.1377,london,7,1
triangle,387,2683,330.8057,330.8057,330.6276,0.0,0.0539,0.0539,0.086,3416,18781,0.1819,True,13,4130,0.0539,london,7,1
trunc_square,377,2674,331.3298,331.3298,330.6276,0.0,0.2124,0.2124,0.1697,3409,18718,0.1821,True,12,4263,0.2124,london,7,1
poisson,387,2718,330.671,330.671,330.6276,0.0,0.0131,0.0131,0.0495,3535,19026,0.1858,True,13,4228,0.0131,london,7,1
h3,869,6088,1581.8814,1511.9585,1511.7713,4.6247,0.0124,4.6376,0.1196,3535,42616,0.083,True,14,7707,0.0124,london,7,2
square,772,5428,1514.027,1512.5634,1511.7713,0.0968,0.0524,0.1492,0.1512,3598,37996,0.0947,True,11,7098,0.0524,london,7,2
octile,772,5428,1514.027,1512.5634,1511.7713,0.0968,0.0524,0.1492,0.1512,3647,37996,0.096,True,11,7133,0.0524,london,7,2
triangle,774,5440,1520.1729,1513.5921,1511.7713,0.4348,0.1204,0.5557,0.1666,3479,38080,0.0914,True,16,7301,0.1204,london,7,2
trunc_square,777,5432,1512.484,1512.484,1511.7713,0.0,0.0471,0.0471,0.1193,3626,38024,0.0954,True,12,7273,0.0471,london,7,2
poisson,797,5499,1535.2249,1512.9557,1511.7713,1.4719,0.0783,1.5514,0.1152,3647,38493,0.0947,True,16,7469,0.0783,london,7,2
h3,148,1034,36.8941,36.8941,36.5622,0.0,0.9079,0.9079,0.3366,1750,7238,0.2418,True,6,1995,0.9079,london,7,3
square,132,920,36.8047,36.8047,36.5622,0.0,0.6632,0.6632,0.1419,1659,6440,0.2576,True,6,1918,0.6632,london,7,3
octile,132,920,36.8047,36.8047,36.5622,0.0,0.6632,0.6632,0.1419,1701,6440,0.2641,True,6,1960,0.6632,london,7,3
triangle,130,923,36.7106,36.7106,36.5622,0.0,0.406,0.406,0.2293,1589,6461,0.2459,True,9,2100,0.406,london,7,3
trunc_square,133,925,36.7396,36.7396,36.5622,0.0,0.4853,0.4853,0.123,1813,6475,0.28,True,3,2030,0.4853,london,7,3
poisson,135,912,36.6036,36.6036,36.5622,0.0,0.1133,0.1133,0.1031,1680,6384,0.2632,True,8,2058,0.1133,london,7,3
h3,185,1299,118.0598,118.0598,117.1752,0.0,0.755,0.755,2.558,1988,9093,0.2186,True,8,2303,0.755,london,7,4
square,166,1163,117.5058,117.5058,117.1752,0.0,0.2822,0.2822,0.1003,1862,8141,0.2287,True,8,2233,0.2822,london,7,4
octile,166,1163,117.5058,117.5058,117.1752,0.0,0.2822,0.2822,0.1003,1904,8141,0.2339,True,7,2233,0.2822,london,7,4
triangle,164,1160,117.5034,117.5034,117.1752,0.0,0.2801,0.2801,2.7469,1897,8120,0.2336,True,9,2345,0.2801,london,7,4
trunc_square,164,1158,117.487,117.487,117.1752,0.0,0.2661,0.2661,2.6506,1960,8106,0.2418,True,9,2436,0.2661,london,7,4
poisson,168,1162,117.5311,117.5311,117.1752,0.0,0.3038,0.3038,2.7179,1939,8134,0.2384,True,7,2359,0.3038,london,7,4
h3,252,1763,736.3876,736.3876,736.0309,0.0,0.0485,0.0485,0.125,2387,12341,0.1934,True,1,2555,0.0485,london,7,5
square,224,1568,736.4,736.4,736.0309,0.0,0.0502,0.0502,0.0849,2247,10976,0.2047,True,1,2415,0.0502,london,7,5
octile,224,1568,736.4,736.4,736.0309,0.0,0.0502,0.0502,0.0849,2275,10976,0.2073,True,1,2443,0.0502,london,7,5
triangle,222,1571,737.5858,737.5858,736.0309,0.0,0.2113,0.2113,0.1694,2226,10997,0.2024,True,1,2415,0.2113,london,7,5
trunc_square,222,1569,736.7505,736.7505,736.0309,0.0,0.0978,0.0978,0.1677,2184,10983,0.1989,True,2,2422,0.0978,london,7,5
poisson,234,1576,737.3258,737.3258,736.0309,0.0,0.1759,0.1759,0.1763,2373,11032,0.2151,True,0,2499,0.1759,london,7,5
h3,500,3495,890.2679,890.2679,889.9867,-0.0,0.0316,0.0316,0.1251,3535,24465,0.1445,True,24,5131,0.0316,london,7,6
square,450,3115,889.9709,889.9709,889.9867,0.0,-0.0018,-0.0018,0.0489,3675,21805,0.1685,True,27,5278,-0.0018,london,7,6
octile,450,3115,889.9709,889.9709,889.9867,0.0,-0.0018,-0.0018,0.0489,3724,21805,0.1708,True,27,5299,-0.0018,london,7,6
triangle,440,3120,890.2853,890.2853,889.9867,0.0,0.0336,0.0336,0.1018,3521,21840,0.1612,True,34,5516,0.0336,london,7,6
trunc_square,441,3118,890.0541,890.0541,889.9867,0.0,0.0076,0.0076,0.1003,3619,21826,0.1658,True,22,5299,0.0076,london,7,6
poisson,452,3146,889.9726,889.9726,889.9867,0.0,-0.0016,-0.0016,0.0666,3619,22022,0.1643,True,28,5285,-0.0016,london,7,6
h3,152,1067,717.327,717.327,717.1129,0.0,0.0298,0.0298,0.1195,1757,7469,0.2352,True,8,2072,0.0298,london,7,7
square,136,953,717.359,717.359,717.1129,0.0,0.0343,0.0343,0.1257,1715,6671,0.2571,True,8,2107,0.0343,london,7,7
octile,136,953,717.359,717.359,717.1129,0.0,0.0343,0.0343,0.1257,1757,6671,0.2634,True,8,2149,0.0343,london,7,7
triangle,140,949,717.9035,717.9035,717.1129,0.0,0.1102,0.1102,0.1615,1659,6643,0.2497,True,13,2275,0.1102,london,7,7
trunc_square,137,955,718.5486,718.5486,717.1129,0.0,0.2002,0.2002,0.2073,1848,6685,0.2764,True,6,2233,0.2002,london,7,7
poisson,133,965,718.09,718.09,717.1129,0.0,0.1362,0.1362,0.1392,1715,6755,0.2539,True,10,2184,0.1362,london,7,7
h3,231,1627,74.6213,74.6213,74.489,0.0,0.1776,0.1776,0.1302,2268,11389,0.1991,True,1,2485,0.1776,london,7,8
square,204,1441,74.9118,74.9118,74.489,0.0,0.5675,0.5675,0.1486,2191,10087,0.2172,True,1,2373,0.5675,london,7,8
octile,204,1441,74.9118,74.9118,74.489,0.0,0.5675,0.5675,0.1486,2247,10087,0.2228,True,1,2429,0.5675,london,7,8
triangle,208,1443,74.9685,74.9685,74.489,0.0,0.6436,0.6436,0.2075,2086,10101,0.2065,True,4,2394,0.6436,london,7,8
trunc_square,207,1442,74.7385,74.7385,74.489,0.0,0.3349,0.3349,0.1121,2198,10094,0.2178,True,2,2422,0.3349,london,7,8
poisson,210,1448,74.7951,74.7951,74.489,0.0,0.4109,0.4109,0.1716,2233,10136,0.2203,True,2,2464,0.4109,london,7,8
h3,259,1805,970.1959,970.1959,970.1733,0.0,0.0023,0.0023,0.1194,2485,12635,0.1967,True,6,2786,0.0023,london,7,9
square,230,1611,970.041,970.041,970.1733,0.0,-0.0136,-0.0136,0.029,2366,11277,0.2098,True,10,2912,-0.0136,london,7,9
octile,230,1611,970.041,970.041,970.1733,0.0,-0.0136,-0.0136,0.029,2422,11277,0.2148,True,10,2954,-0.0136,london,7,9
triangle,230,1610,970.7062,970.7062,970.1733,0.0,0.0549,0.0549,0.1586,2282,11270,0.2025,True,14,2996,0.0549,london,7,9
trunc_square,228,1613,970.7655,970.7655,970.1733,0.0,0.061,0.061,0.1428,2331,11291,0.2064,True,9,3038,0.061,london,7,9
poisson,238,1626,973.2957,973.2957,970.1733,0.0,0.3218,0.3218,0.2365,2471,11382,0.2171,True,13,3052,0.3218,london,7,9
h3,396,2757,87.362,87.362,87.1947,0.0,0.1918,0.1918,0.1302,3444,19299,0.1785,True,4,3724,0.1918,london,7,10
square,346,2457,87.418,87.418,87.1947,0.0,0.256,0.256,0.1677,3150,17199,0.1832,True,3,3542,0.256,london,7,10
octile,346,2457,87.418,87.418,87.1947,0.0,0.256,0.256,0.1677,3192,17199,0.1856,True,2,3521,0.256,london,7,10
triangle,347,2451,87.2239,87.2239,87.1947,0.0,0.0334,0.0334,0.0813,3122,17157,0.182,True,7,3619,0.0334,london,7,10
trunc_square,347,2462,87.4893,87.4893,87.1947,0.0,0.3378,0.3378,0.1759,3213,17234,0.1864,True,6,3780,0.3378,london,7,10
poisson,359,2478,87.3955,87.3955,87.1947,0.0,0.2303,0.2303,0.1772,3248,17346,0.1872,True,8,3717,0.2303,london,7,10
h3,273,1911,96.5449,96.5449,96.4824,0.0,0.0648,0.0648,0.2499,2583,13377,0.1931,True,14,3178,0.0648,london,7,11
square,245,1694,96.4955,96.4955,96.4824,0.0,0.0136,0.0136,0.0569,2478,11858,0.209,True,19,3304,0.0136,london,7,11
octile,245,1694,96.4955,96.4955,96.4824,0.0,0.0136,0.0136,0.0569,2527,11858,0.2131,True,19,3346,0.0136,london,7,11
triangle,242,1701,96.529,96.529,96.4824,0.0,0.0483,0.0483,0.1228,2373,11907,0.1993,True,25,3514,0.0483,london,7,11
trunc_square,242,1696,96.6013,96.6013,96.4824,0.0,0.1233,0.1233,0.1047,2513,11872,0.2117,True,16,3570,0.1233,london,7,11
poisson,247,1726,96.5216,96.5216,96.4824,0.0,0.0407,0.0407,0.077,2499,12082,0.2068,True,23,3542,0.0407,london,7,11
h3,558,3879,318.8246,318.8246,318.8089,0.0,0.0049,0.0049,0.1348,2525,19395,0.1302,True,5,3530,0.0049,bengaluru,5,0
square,565,3983,319.1471,319.1471,318.8089,0.0,0.1061,0.1061,0.1057,2555,19915,0.1283,True,8,3825,0.1061,bengaluru,5,0
octile,565,3983,319.1471,319.1471,318.8089,0.0,0.1061,0.1061,0.1057,2600,19915,0.1306,True,8,3865,0.1061,bengaluru,5,0
triangle,559,3986,319.0183,319.0183,318.8089,0.0,0.0657,0.0657,0.0774,2510,19930,0.1259,True,9,3840,0.0657,bengaluru,5,0
trunc_square,570,3978,319.603,319.603,318.8089,0.0,0.2491,0.2491,0.1245,2535,19890,0.1275,True,7,3825,0.2491,bengaluru,5,0
poisson,576,4028,319.0842,319.0842,318.8089,0.0,0.0864,0.0864,0.0919,2640,20140,0.1311,True,9,3915,0.0864,bengaluru,5,0
h3,551,3854,262.9221,262.9221,262.1381,0.0,0.2991,0.2991,0.3553,2495,19270,0.1295,True,6,3540,0.2991,bengaluru,5,1
square,567,3955,262.3851,262.3851,262.1381,0.0,0.0942,0.0942,0.0896,2545,19775,0.1287,True,8,3805,0.0942,bengaluru,5,1
octile,567,3955,262.3851,262.3851,262.1381,0.0,0.0942,0.0942,0.0896,2585,19775,0.1307,True,8,3835,0.0942,bengaluru,5,1
triangle,563,3959,263.1671,263.1671,262.1381,0.0,0.3925,0.3925,0.1284,2545,19795,0.1286,True,10,3890,0.3925,bengaluru,5,1
trunc_square,569,3965,262.5226,262.5226,262.1381,0.0,0.1467,0.1467,0.1555,2620,19825,0.1322,True,9,3860,0.1467,bengaluru,5,1
poisson,583,3996,262.3348,262.3348,262.1381,0.0,0.0751,0.0751,0.0934,2545,19980,0.1274,True,9,3840,0.0751,bengaluru,5,1
h3,869,6075,2665.933,2603.6544,2603.6544,2.392,0.0,2.392,0.0,2540,30375,0.0836,True,26,5790,0.0,bengaluru,5,2
square,885,6240,2683.1898,2603.8244,2603.6544,3.048,0.0065,3.0548,0.0767,2615,31200,0.0838,True,36,6485,0.0065,bengaluru,5,2
octile,885,6240,2663.2619,2603.8244,2603.6544,2.2827,0.0065,2.2894,0.0767,2670,31200,0.0856,True,36,6515,0.0065,bengaluru,5,2
triangle,889,6237,2725.4348,2603.6325,2603.6544,4.6782,-0.0008,4.6773,0.0293,2510,31185,0.0805,True,40,6500,-0.0008,bengaluru,5,2
trunc_square,886,6228,2644.4409,2604.2088,2603.6544,1.5449,0.0213,1.5665,0.2556,2630,31140,0.0845,True,28,6345,0.0213,bengaluru,5,2
poisson,915,6308,2717.2766,2604.0486,2603.6544,4.3482,0.0151,4.364,0.1361,2670,31540,0.0847,True,41,6775,0.0151,bengaluru,5,2
h3,222,1525,5.6218,5.6218,5.2553,0.0,6.9729,6.9729,0.1304,1695,7625,0.2223,True,0,1780,6.9729,bengaluru,5,3
square,225,1573,5.4313,5.4313,5.2553,0.0,3.3475,3.3475,0.1362,1750,7865,0.2225,True,0,1825,3.3475,bengaluru,5,3
octile,225,1573,5.4313,5.4313,5.2553,0.0,3.3475,3.3475,0.1362,1795,7865,0.2282,True,0,1870,3.3475,bengaluru,5,3
triangle,226,1560,5.5923,5.5923,5.2553,0.0,6.4124,6.4124,0.0693,1715,7800,0.2199,True,0,1855,6.4124,bengaluru,5,3
trunc_square,224,1569,5.5678,5.5678,5.2553,0.0,5.9459,5.9459,0.0765,1785,7845,0.2275,True,1,1915,5.9459,bengaluru,5,3
poisson,228,1590,5.5144,5.5144,5.2553,0.0,4.9287,4.9287,0.2537,1775,7950,0.2233,True,0,1890,4.9287,bengaluru,5,3
h3,139,965,141.8998,141.8998,141.8397,0.0,0.0424,0.0424,0.1347,1170,4825,0.2425,True,3,1280,0.0424,bengaluru,5,4
square,140,994,142.2372,142.2372,141.8397,0.0,0.2803,0.2803,0.1872,1285,4970,0.2586,True,10,1625,0.2803,bengaluru,5,4
octile,140,994,142.2372,142.2372,141.8397,0.0,0.2803,0.2803,0.1872,1315,4970,0.2646,True,10,1645,0.2803,bengaluru,5,4
triangle,140,991,142.074,142.074,141.8397,0.0,0.1652,0.1652,0.1348,1245,4955,0.2513,True,10,1575,0.1652,bengaluru,5,4
trunc_square,144,993,142.7566,142.7566,141.8397,0.0,0.6465,0.6465,0.2862,1285,4965,0.2588,True,7,1590,0.6465,bengaluru,5,4
poisson,139,1006,142.3474,142.3474,141.8397,0.0,0.358,0.358,0.2722,1205,5030,0.2396,True,15,1680,0.358,bengaluru,5,4
h3,301,2144,687.8703,687.8703,687.589,0.0,0.0409,0.0409,0.1348,1975,10720,0.1842,True,0,2140,0.0409,bengaluru,5,5
square,316,2208,687.5595,687.5595,687.589,0.0,-0.0043,-0.0043,0.0982,2070,11040,0.1875,True,1,2225,-0.0043,bengaluru,5,5
octile,316,2208,687.5595,687.5595,687.589,0.0,-0.0043,-0.0043,0.0982,2095,11040,0.1898,True,1,2250,-0.0043,bengaluru,5,5
triangle,310,2202,687.6538,687.6538,687.589,0.0,0.0094,0.0094,0.1146,1980,11010,0.1798,True,2,2180,0.0094,bengaluru,5,5
trunc_square,317,2208,688.3935,688.3935,687.589,0.0,0.117,0.117,0.1896,2080,11040,0.1884,True,4,2320,0.117,bengaluru,5,5
poisson,321,2210,687.7435,687.7435,687.589,0.0,0.0225,0.0225,0.084,2155,11050,0.195,True,1,2275,0.0225,bengaluru,5,5
h3,597,4187,1679.2665,1679.2665,1673.3363,0.0,0.3544,0.3544,0.4696,2445,20935,0.1168,True,12,3855,0.3544,bengaluru,5,6
square,612,4297,1681.6511,1674.2592,1673.3363,0.4415,0.0552,0.4969,0.0519,2490,21485,0.1159,True,15,4110,0.0552,bengaluru,5,6
octile,612,4297,1681.6511,1674.2592,1673.3363,0.4415,0.0552,0.4969,0.0519,2510,21485,0.1168,True,15,4125,0.0552,bengaluru,5,6
triangle,613,4306,1676.923,1672.8158,1673.3363,0.2455,-0.0311,0.2143,0.0376,2475,21530,0.115,True,26,4580,-0.0311,bengaluru,5,6
trunc_square,613,4302,1677.3947,1674.0491,1673.3363,0.1998,0.0426,0.2425,0.107,2540,21510,0.1181,True,17,4480,0.0426,bengaluru,5,6
poisson,627,4338,1685.1621,1674.595,1673.3363,0.631,0.0752,0.7067,0.1917,2625,21690,0.121,True,19,4505,0.0752,bengaluru,5,6
h3,145,1005,2.94,2.94,2.8297,0.0,3.897,3.897,0.23,1245,5025,0.2478,True,0,1315,3.897,bengaluru,5,7
square,146,1027,3.1598,3.1598,2.8297,0.0,11.664,11.664,0.2633,1325,5135,0.258,True,0,1425,11.664,bengaluru,5,7
octile,146,1027,3.1598,3.1598,2.8297,0.0,11.664,11.664,0.2633,1365,5135,0.2658,True,0,1465,11.664,bengaluru,5,7
triangle,152,1029,3.5594,3.5594,2.8297,0.0,25.787,25.787,0.3736,1255,5145,0.2439,True,0,1335,25.787,bengaluru,5,7
trunc_square,144,1033,3.3449,3.3449,2.8297,0.0,18.2065,18.2065,0.1604,1325,5165,0.2565,True,0,1425,18.2065,bengaluru,5,7
poisson,148,1029,2.7662,2.7662,2.8297,0.0,-2.244,-2.244,0.0303,1250,5145,0.243,True,0,1330,-2.244,bengaluru,5,7
h3,185,1303,47.4976,47.4976,46.6364,0.0,1.8465,1.8465,0.1364,1385,6515,0.2126,True,0,1495,1.8465,bengaluru,5,8
square,192,1338,46.6446,46.6446,46.6364,0.0,0.0174,0.0174,0.0293,1530,6690,0.2287,True,0,1595,0.0174,bengaluru,5,8
octile,192,1338,46.6446,46.6446,46.6364,0.0,0.0174,0.0174,0.0293,1560,6690,0.2332,True,0,1625,0.0174,bengaluru,5,8
triangle,189,1344,46.6918,46.6918,46.6364,0.0,0.1187,0.1187,0.0738,1425,6720,0.2121,True,0,1560,0.1187,bengaluru,5,8
trunc_square,192,1341,47.063,47.063,46.6364,0.0,0.9146,0.9146,0.2181,1440,6705,0.2148,True,2,1575,0.9146,bengaluru,5,8
poisson,188,1359,47.1563,47.1563,46.6364,0.0,1.1147,1.1147,0.2728,1510,6795,0.2222,True,1,1640,1.1147,bengaluru,5,8
h3,216,1516,1720.0441,1720.0441,1718.8988,0.0,0.0666,0.0666,0.1348,1545,7580,0.2038,True,8,1805,0.0666,bengaluru,5,9
square,217,1554,1719.7817,1719.7817,1718.8988,0.0,0.0514,0.0514,0.1058,1575,7770,0.2027,True,13,2065,0.0514,bengaluru,5,9
octile,217,1554,1719.7817,1719.7817,1718.8988,0.0,0.0514,0.0514,0.1058,1590,7770,0.2046,True,13,2075,0.0514,bengaluru,5,9
triangle,226,1553,1719.0569,1719.0569,1718.8988,0.0,0.0092,0.0092,0.051,1560,7765,0.2009,True,21,2300,0.0092,bengaluru,5,9
trunc_square,224,1557,1721.238,1721.238,1718.8988,0.0,0.1361,0.1361,0.2481,1670,7785,0.2145,True,13,2225,0.1361,bengaluru,5,9
poisson,226,1559,1718.9918,1718.9918,1718.8988,0.0,0.0054,0.0054,0.0722,1590,7795,0.204,True,16,2100,0.0054,bengaluru,5,9
h3,478,3364,238.6582,238.6582,238.4306,0.0,0.0955,0.0955,0.1363,2495,16820,0.1483,True,17,3410,0.0955,bengaluru,5,10
square,494,3448,238.4178,238.4178,238.4306,0.0,-0.0054,-0.0054,0.0406,2565,17240,0.1488,True,24,3910,-0.0054,bengaluru,5,10
octile,494,3448,238.4178,238.4178,238.4306,0.0,-0.0054,-0.0054,0.0406,2605,17240,0.1511,True,24,3915,-0.0054,bengaluru,5,10
triangle,488,3449,238.5939,238.5939,238.4306,0.0,0.0685,0.0685,0.1951,2485,17245,0.1441,True,35,4305,0.0685,bengaluru,5,10
trunc_square,492,3450,238.4298,238.4298,238.4306,0.0,-0.0003,-0.0003,0.0897,2570,17250,0.149,True,23,4180,-0.0003,bengaluru,5,10
poisson,495,3497,238.4861,238.4861,238.4306,0.0,0.0233,0.0233,0.1361,2520,17485,0.1441,True,29,4095,0.0233,bengaluru,5,10
h3,373,2623,137.3701,137.3701,137.1691,0.0,0.1465,0.1465,0.3457,2495,13115,0.1902,True,25,3065,0.1465,bengaluru,5,11
square,387,2696,137.2607,137.2607,137.1691,0.0,0.0668,0.0668,0.3598,2560,13480,0.1899,True,33,3660,0.0668,bengaluru,5,11
octile,387,2696,137.2607,137.2607,137.1691,0.0,0.0668,0.0668,0.3598,2615,13480,0.194,True,32,3630,0.0668,bengaluru,5,11
triangle,382,2699,137.4088,137.4088,137.1691,0.0,0.1747,0.1747,0.8111,2450,13495,0.1815,True,41,3820,0.1747,bengaluru,5,11
trunc_square,385,2696,137.1829,137.1829,137.1691,0.0,0.0101,0.0101,0.0638,2495,13480,0.1851,True,28,3700,0.0101,bengaluru,5,11
poisson,396,2702,137.259,137.259,137.1691,0.0,0.0656,0.0656,0.1605,2645,13510,0.1958,True,39,3810,0.0656,bengaluru,5,11
h3,589,4143,277.728,277.728,277.4395,0.0,0.104,0.104,0.2697,3012,24858,0.1212,True,4,4482,0.104,bengaluru,6,0
square,608,4257,277.6719,277.6719,277.4395,0.0,0.0837,0.0837,0.0799,3114,25542,0.1219,True,5,4770,0.0837,bengaluru,6,0
octile,608,4257,277.6719,277.6719,277.4395,0.0,0.0837,0.0837,0.0799,3162,25542,0.1238,True,5,4812,0.0837,bengaluru,6,0
triangle,608,4255,277.6266,277.6266,277.4395,0.0,0.0674,0.0674,0.0988,3024,25530,0.1184,True,12,4950,0.0674,bengaluru,6,0
trunc_square,604,4251,277.8711,277.8711,277.4395,0.0,0.1556,0.1556,0.3279,3012,25506,0.1181,True,7,4806,0.1556,bengaluru,6,0
poisson,612,4331,277.8788,277.8788,277.4395,0.0,0.1584,0.1584,0.2919,3126,25986,0.1203,True,7,4818,0.1584,bengaluru,6,0
h3,540,3771,303.9518,303.9518,303.6301,0.0,0.1059,0.1059,0.1364,3030,22626,0.1339,True,6,4164,0.1059,bengaluru,6,1
square,551,3858,304.0739,304.0739,303.6301,0.0,0.1462,0.1462,0.1689,3048,23148,0.1317,True,11,4536,0.1462,bengaluru,6,1
octile,551,3858,304.0739,304.0739,303.6301,0.0,0.1462,0.1462,0.1689,3096,23148,0.1337,True,11,4566,0.1462,bengaluru,6,1
triangle,551,3853,303.6302,303.6302,303.6301,0.0,0.0,0.0,0.0065,3048,23118,0.1318,True,12,4566,0.0,bengaluru,6,1
trunc_square,554,3858,303.7082,303.7082,303.6301,0.0,0.0257,0.0257,0.0742,3072,23148,0.1327,True,5,4404,0.0257,bengaluru,6,1
poisson,557,3893,303.9684,303.9684,303.6301,0.0,0.1114,0.1114,0.2916,3108,23358,0.1331,True,9,4488,0.1114,bengaluru,6,1
h3,1089,7608,2566.506,2221.2613,2221.2613,15.5427,0.0,15.5427,0.0,3120,45648,0.0683,True,23,8418,0.0,bengaluru,6,2
square,1111,7821,2480.7783,2221.4162,2221.2613,11.6755,0.007,11.6833,0.0922,3144,46926,0.067,True,24,8832,0.007,bengaluru,6,2
octile,1111,7821,2459.2753,2221.4162,2221.2613,10.7075,0.007,10.7153,0.0922,3216,46926,0.0685,True,24,8892,0.007,bengaluru,6,2
triangle,1117,7819,2561.7637,2222.4575,2221.2613,15.2672,0.0539,15.3292,0.1659,3018,46914,0.0643,True,28,8868,0.0539,bengaluru,6,2
trunc_square,1117,7797,2558.0634,2223.0583,2221.2613,15.0696,0.0809,15.1627,0.1891,3168,46782,0.0677,True,24,9042,0.0809,bengaluru,6,2
poisson,1139,7949,2634.0821,2221.7921,2221.2613,18.5566,0.0239,18.585,0.1383,3180,47694,0.0667,True,31,9150,0.0239,bengaluru,6,2
h3,221,1511,39.098,39.098,38.9884,0.0,0.2811,0.2811,0.2727,2028,9066,0.2237,True,7,2214,0.2811,bengaluru,6,3
square,221,1545,39.0189,39.0189,38.9884,0.0,0.0783,0.0783,0.1495,2112,9270,0.2278,True,10,2424,0.0783,bengaluru,6,3
octile,221,1545,39.0189,39.0189,38.9884,0.0,0.0783,0.0783,0.1495,2160,9270,0.233,True,9,2454,0.0783,bengaluru,6,3
triangle,221,1549,39.1372,39.1372,38.9884,0.0,0.3818,0.3818,0.1477,1962,9294,0.2111,True,14,2520,0.3818,bengaluru,6,3
trunc_square,226,1552,39.2459,39.2459,38.9884,0.0,0.6604,0.6604,0.2792,2124,9312,0.2281,True,9,2568,0.6604,bengaluru,6,3
poisson,234,1575,39.0902,39.0902,38.9884,0.0,0.2612,0.2612,0.0531,2220,9450,0.2349,True,9,2478,0.2612,bengaluru,6,3
h3,191,1363,121.2465,121.2465,121.2447,0.0,0.0015,0.0015,0.1347,1734,8178,0.212,True,4,1944,0.0015,bengaluru,6,4
square,201,1396,121.5606,121.5606,121.2447,0.0,0.2606,0.2606,0.1145,1848,8376,0.2206,True,10,2238,0.2606,bengaluru,6,4
octile,201,1396,121.5606,121.5606,121.2447,0.0,0.2606,0.2606,0.1145,1878,8376,0.2242,True,10,2268,0.2606,bengaluru,6,4
triangle,197,1398,121.4139,121.4139,121.2447,0.0,0.1395,0.1395,0.0714,1794,8388,0.2139,True,13,2388,0.1395,bengaluru,6,4
trunc_square,198,1391,121.3575,121.3575,121.2447,0.0,0.093,0.093,0.1116,1794,8346,0.215,True,10,2298,0.093,bengaluru,6,4
poisson,201,1413,121.5229,121.5229,121.2447,0.0,0.2295,0.2295,0.1054,1866,8478,0.2201,True,13,2334,0.2295,bengaluru,6,4
h3,360,2512,654.7238,654.7238,654.7238,0.0,0.0,0.0,0.0,2754,15072,0.1827,True,0,2910,0.0,bengaluru,6,5
square,372,2591,654.6373,654.6373,654.7238,0.0,-0.0132,-0.0132,0.0959,2880,15546,0.1853,True,3,3096,-0.0132,bengaluru,6,5
octile,372,2591,654.6373,654.6373,654.7238,0.0,-0.0132,-0.0132,0.0959,2910,15546,0.1872,True,3,3126,-0.0132,bengaluru,6,5
triangle,374,2585,656.2921,656.2921,654.7238,0.0,0.2395,0.2395,0.1751,2838,15510,0.183,True,4,3114,0.2395,bengaluru,6,5
trunc_square,368,2581,656.0541,656.0541,654.7238,0.0,0.2032,0.2032,0.267,2838,15486,0.1833,True,3,3138,0.2032,bengaluru,6,5
poisson,372,2604,655.1832,655.1832,654.7238,0.0,0.0702,0.0702,0.1902,2922,15624,0.187,True,2,3156,0.0702,bengaluru,6,5
h3,711,4978,1696.4044,1696.4044,1695.6141,0.0,0.0466,0.0466,0.2605,2976,29868,0.0996,True,28,5844,0.0466,bengaluru,6,6
square,732,5111,1696.0255,1696.0255,1695.6141,0.0,0.0243,0.0243,0.1592,2988,30666,0.0974,True,34,6522,0.0243,bengaluru,6,6
octile,732,5111,1696.0255,1696.0255,1695.6141,0.0,0.0243,0.0243,0.1592,3024,30666,0.0986,True,34,6528,0.0243,bengaluru,6,6
triangle,731,5114,1696.2825,1696.2825,1695.6141,0.0,0.0394,0.0394,0.1735,2988,30684,0.0974,True,42,6792,0.0394,bengaluru,6,6
trunc_square,733,5109,1696.0944,1696.0944,1695.6141,0.0,0.0283,0.0283,0.2396,3114,30654,0.1016,True,27,6600,0.0283,bengaluru,6,6
poisson,739,5145,1695.869,1695.869,1695.6141,0.0,0.015,0.015,0.0608,3096,30870,0.1003,True,36,6660,0.015,bengaluru,6,6
h3,144,1007,7.5704,7.5704,7.0425,0.0,7.4951,7.4951,0.1348,1494,6042,0.2473,True,0,1590,7.4951,bengaluru,6,7
square,146,1031,7.2268,7.2268,7.0425,0.0,2.6166,2.6166,0.2399,1572,6186,0.2541,True,0,1698,2.6166,bengaluru,6,7
octile,146,1031,7.2268,7.2268,7.0425,0.0,2.6166,2.6166,0.2399,1620,6186,0.2619,True,0,1746,2.6166,bengaluru,6,7
triangle,147,1031,7.667,7.667,7.0425,0.0,8.8675,8.8675,0.1822,1536,6186,0.2483,True,0,1662,8.8675,bengaluru,6,7
trunc_square,148,1039,7.3101,7.3101,7.0425,0.0,3.8002,3.8002,0.0951,1614,6234,0.2589,True,1,1722,3.8002,bengaluru,6,7
poisson,147,1048,7.3017,7.3017,7.0425,0.0,3.6802,3.6802,0.2553,1584,6288,0.2519,True,0,1686,3.6802,bengaluru,6,7
h3,214,1497,59.6639,59.6639,59.4885,0.0,0.2949,0.2949,0.1306,1836,8982,0.2044,True,0,1974,0.2949,bengaluru,6,8
square,220,1540,59.8395,59.8395,59.4885,0.0,0.59,0.59,0.1459,1944,9240,0.2104,True,0,2052,0.59,bengaluru,6,8
octile,220,1540,59.8395,59.8395,59.4885,0.0,0.59,0.59,0.1459,1980,9240,0.2143,True,0,2088,0.59,bengaluru,6,8
triangle,223,1545,59.9072,59.9072,59.4885,0.0,0.7038,0.7038,0.131,1902,9270,0.2052,True,2,2124,0.7038,bengaluru,6,8
trunc_square,219,1534,60.0081,60.0081,59.4885,0.0,0.8735,0.8735,0.2039,2028,9204,0.2203,True,0,2118,0.8735,bengaluru,6,8
poisson,218,1560,59.9167,59.9167,59.4885,0.0,0.7198,0.7198,0.1916,1998,9360,0.2135,True,1,2112,0.7198,bengaluru,6,8
h3,260,1817,1479.2721,1479.2721,1478.1825,0.0,0.0737,0.0737,0.1363,2130,10902,0.1954,True,11,2526,0.0737,bengaluru,6,9
square,265,1863,1478.3945,1478.3945,1478.1825,0.0,0.0143,0.0143,0.0703,2214,11178,0.1981,True,17,2940,0.0143,bengaluru,6,9
octile,265,1863,1478.3945,1478.3945,1478.1825,0.0,0.0143,0.0143,0.0703,2244,11178,0.2008,True,17,2946,0.0143,bengaluru,6,9
triangle,266,1858,1478.7236,1478.7236,1478.1825,0.0,0.0366,0.0366,0.1881,2178,11148,0.1954,True,21,3090,0.0366,bengaluru,6,9
trunc_square,267,1862,1479.8735,1479.8735,1478.1825,0.0,0.1144,0.1144,0.2636,2238,11172,0.2003,True,12,2994,0.1144,bengaluru,6,9
poisson,270,1871,1478.4187,1478.4187,1478.1825,0.0,0.016,0.016,0.031,2226,11226,0.1983,True,21,3036,0.016,bengaluru,6,9
h3,563,3958,200.3516,200.3516,200.1051,0.0,0.1232,0.1232,0.1363,2994,23748,0.1261,True,9,4374,0.1232,bengaluru,6,10
square,582,4061,200.3138,200.3138,200.1051,0.0,0.1043,0.1043,0.1593,3030,24366,0.1244,True,18,4980,0.1043,bengaluru,6,10
octile,582,4061,200.3138,200.3138,200.1051,0.0,0.1043,0.1043,0.1593,3060,24366,0.1256,True,18,4992,0.1043,bengaluru,6,10
triangle,578,4060,200.1333,200.1333,200.1051,0.0,0.0141,0.0141,0.1131,3024,24360,0.1241,True,21,5112,0.0141,bengaluru,6,10
trunc_square,580,4059,200.2728,200.2728,200.1051,0.0,0.0838,0.0838,0.146,3150,24354,0.1293,True,15,5232,0.0838,bengaluru,6,10
poisson,579,4101,200.2694,200.2694,200.1051,0.0,0.0821,0.0821,0.1503,3156,24606,0.1283,True,22,5148,0.0821,bengaluru,6,10
h3,421,2937,119.1176,119.1176,118.9019,0.0,0.1815,0.1815,0.1363,3084,17622,0.175,True,18,3756,0.1815,bengaluru,6,11
square,433,3013,118.9375,118.9375,118.9019,0.0,0.0299,0.0299,0.2061,3144,18078,0.1739,True,26,4446,0.0299,bengaluru,6,11
octile,433,3013,118.9375,118.9375,118.9019,0.0,0.0299,0.0299,0.2061,3204,18078,0.1772,True,26,4482,0.0299,bengaluru,6,11
triangle,431,3013,118.9332,118.9332,118.9019,0.0,0.0263,0.0263,0.1982,2964,18078,0.164,True,34,4686,0.0263,bengaluru,6,11
trunc_square,434,3013,119.1047,119.1047,118.9019,0.0,0.1706,0.1706,0.1252,3120,18078,0.1726,True,22,4572,0.1706,bengaluru,6,11
poisson,433,3023,118.9203,118.9203,118.9019,0.0,0.0155,0.0155,0.165,3204,18138,0.1766,True,28,4434,0.0155,bengaluru,6,11
h3,609,4274,896.3209,896.3209,895.3243,0.0,0.1113,0.1113,0.1305,3493,29918,0.1168,True,7,5397,0.1113,bengaluru,7,0
square,627,4393,895.3736,895.3736,895.3243,0.0,0.0055,0.0055,0.1491,3598,30751,0.117,True,10,5789,0.0055,bengaluru,7,0
octile,627,4393,895.3736,895.3736,895.3243,0.0,0.0055,0.0055,0.1491,3647,30751,0.1186,True,10,5838,0.0055,bengaluru,7,0
triangle,631,4390,896.9377,896.9377,895.3243,0.0,0.1802,0.1802,0.2004,3458,30730,0.1125,True,16,5964,0.1802,bengaluru,7,0
trunc_square,630,4394,897.5135,897.5135,895.3243,0.0,0.2445,0.2445,0.1744,3584,30758,0.1165,True,9,5957,0.2445,bengaluru,7,0
poisson,638,4426,895.8013,895.8013,895.3243,0.0,0.0533,0.0533,0.1304,3500,30982,0.113,True,14,5873,0.0533,bengaluru,7,0
h3,593,4155,444.7167,444.7167,444.4413,0.0,0.062,0.062,0.2303,3493,29085,0.1201,True,11,5432,0.062,bengaluru,7,1
square,608,4263,444.4862,444.4862,444.4413,0.0,0.0101,0.0101,0.053,3647,29841,0.1222,True,15,5894,0.0101,bengaluru,7,1
octile,608,4263,444.4862,444.4862,444.4413,0.0,0.0101,0.0101,0.053,3710,29841,0.1243,True,15,5950,0.0101,bengaluru,7,1
triangle,611,4259,445.4583,445.4583,444.4413,0.0,0.2288,0.2288,0.141,3556,29813,0.1193,True,23,6307,0.2288,bengaluru,7,1
trunc_square,608,4264,444.3878,444.3878,444.4413,0.0,-0.012,-0.012,0.0709,3619,29848,0.1212,True,14,6174,-0.012,bengaluru,7,1
poisson,619,4305,444.4623,444.4623,444.4413,0.0,0.0047,0.0047,0.0763,3612,30135,0.1199,True,20,6237,0.0047,bengaluru,7,1
h3,1141,7992,2438.3562,1950.077,1950.077,25.039,0.0,25.039,0.0,3556,55944,0.0636,True,16,9786,0.0,bengaluru,7,2
square,1173,8216,2492.7248,1951.4365,1950.077,27.7379,0.0697,27.827,0.1274,3661,57512,0.0637,True,18,10472,0.0697,bengaluru,7,2
octile,1173,8216,2447.0625,1951.4365,1950.077,25.398,0.0697,25.4854,0.1274,3738,57512,0.065,True,18,10549,0.0697,bengaluru,7,2
triangle,1178,8202,2600.763,1951.4636,1950.077,33.2724,0.0711,33.3672,0.186,3570,57414,0.0622,True,26,10738,0.0711,bengaluru,7,2
trunc_square,1178,8212,2426.1652,1951.2412,1950.077,24.3396,0.0597,24.4138,0.1124,3696,57484,0.0643,True,18,10696,0.0597,bengaluru,7,2
poisson,1183,8277,2655.8194,1952.1542,1950.077,36.0456,0.1065,36.1905,0.2643,3633,57939,0.0627,True,26,10668,0.1065,bengaluru,7,2
h3,221,1521,46.4503,46.4503,46.4503,0.0,0.0,0.0,0.0,2275,10647,0.2137,True,5,2492,0.0,bengaluru,7,3
square,221,1558,46.8293,46.8293,46.4503,0.0,0.816,0.816,0.1627,2387,10906,0.2189,True,7,2751,0.816,bengaluru,7,3
octile,221,1558,46.8293,46.8293,46.4503,0.0,0.816,0.816,0.1627,2443,10906,0.224,True,7,2786,0.816,bengaluru,7,3
triangle,220,1565,46.8279,46.8279,46.4503,0.0,0.813,0.813,0.1304,2261,10955,0.2064,True,13,2926,0.813,bengaluru,7,3
trunc_square,226,1568,46.7284,46.7284,46.4503,0.0,0.5987,0.5987,0.436,2443,10976,0.2226,True,8,2926,0.5987,bengaluru,7,3
poisson,229,1581,46.7776,46.7776,46.4503,0.0,0.7048,0.7048,0.2266,2436,11067,0.2201,True,13,2961,0.7048,bengaluru,7,3
h3,247,1692,124.0775,124.0775,123.8911,0.0,0.1504,0.1504,0.1302,2415,11844,0.2039,True,14,2884,0.1504,bengaluru,7,4
square,250,1730,124.1439,124.1439,123.8911,0.0,0.204,0.204,0.1827,2534,12110,0.2092,True,16,3220,0.204,bengaluru,7,4
octile,250,1730,124.1439,124.1439,123.8911,0.0,0.204,0.204,0.1827,2597,12110,0.2145,True,15,3213,0.204,bengaluru,7,4
triangle,248,1727,123.8745,123.8745,123.8911,0.0,-0.0134,-0.0134,0.0741,2443,12089,0.2021,True,23,3486,-0.0134,bengaluru,7,4
trunc_square,247,1730,124.5032,124.5032,123.8911,0.0,0.4941,0.4941,0.1192,2513,12110,0.2075,True,13,3374,0.4941,bengaluru,7,4
poisson,252,1741,124.0958,124.0958,123.8911,0.0,0.1652,0.1652,0.1155,2653,12187,0.2177,True,16,3353,0.1652,bengaluru,7,4
h3,361,2518,734.4554,734.4554,734.4554,0.0,0.0,0.0,0.0,3220,17626,0.1827,True,4,3465,0.0,bengaluru,7,5
square,372,2591,735.214,735.214,734.4554,0.0,0.1033,0.1033,0.1264,3346,18137,0.1845,True,4,3682,0.1033,bengaluru,7,5
octile,372,2591,735.214,735.214,734.4554,0.0,0.1033,0.1033,0.1264,3388,18137,0.1868,True,4,3724,0.1033,bengaluru,7,5
triangle,376,2587,735.1912,735.1912,734.4554,0.0,0.1002,0.1002,0.1311,3325,18109,0.1836,True,6,3689,0.1002,bengaluru,7,5
trunc_square,369,2594,734.9743,734.9743,734.4554,0.0,0.0706,0.0706,0.1487,3395,18158,0.187,True,4,3738,0.0706,bengaluru,7,5
poisson,367,2601,734.3412,734.3412,734.4554,0.0,-0.0156,-0.0156,0.0914,3283,18207,0.1803,True,8,3717,-0.0156,bengaluru,7,5
h3,685,4797,1503.6883,1503.6883,1503.0548,0.0,0.0421,0.0421,0.2605,3430,33579,0.1021,True,21,6370,0.0421,bengaluru,7,6
square,702,4924,1503.1118,1503.1118,1503.0548,0.0,0.0038,0.0038,0.0522,3507,34468,0.1017,True,29,7091,0.0038,bengaluru,7,6
octile,702,4924,1503.1118,1503.1118,1503.0548,0.0,0.0038,0.0038,0.0522,3549,34468,0.103,True,29,7098,0.0038,bengaluru,7,6
triangle,700,4921,1503.9327,1503.9327,1503.0548,0.0,0.0584,0.0584,0.2773,3423,34447,0.0994,True,34,7392,0.0584,bengaluru,7,6
trunc_square,704,4926,1503.5262,1503.5262,1503.0548,0.0,0.0314,0.0314,0.1804,3570,34482,0.1035,True,23,7385,0.0314,bengaluru,7,6
poisson,707,4931,1503.0284,1503.0284,1503.0548,0.0,-0.0018,-0.0018,0.1486,3535,34517,0.1024,True,36,7483,-0.0018,bengaluru,7,6
h3,207,1474,674.2431,674.2431,673.2436,0.0,0.1485,0.1485,0.1362,2142,10318,0.2076,True,3,2380,0.1485,bengaluru,7,7
square,218,1509,674.6205,674.6205,673.2436,0.0,0.2045,0.2045,0.1197,2289,10563,0.2167,True,7,2667,0.2045,bengaluru,7,7
octile,218,1509,674.6205,674.6205,673.2436,0.0,0.2045,0.2045,0.1197,2331,10563,0.2207,True,7,2695,0.2045,bengaluru,7,7
triangle,217,1505,674.2657,674.2657,673.2436,0.0,0.1518,0.1518,0.1823,2219,10535,0.2106,True,9,2772,0.1518,bengaluru,7,7
trunc_square,218,1512,673.981,673.981,673.2436,0.0,0.1095,0.1095,0.2101,2317,10584,0.2189,True,4,2639,0.1095,bengaluru,7,7
poisson,222,1526,675.0684,675.0684,673.2436,0.0,0.271,0.271,0.181,2247,10682,0.2104,True,10,2744,0.271,bengaluru,7,7
h3,306,2145,163.5055,163.5055,162.477,0.0,0.633,0.633,0.1364,2842,15015,0.1893,True,3,3115,0.633,bengaluru,7,8
square,316,2210,162.5246,162.5246,162.477,0.0,0.0293,0.0293,0.0796,2982,15470,0.1928,True,3,3248,0.0293,bengaluru,7,8
octile,316,2210,162.5246,162.5246,162.477,0.0,0.0293,0.0293,0.0796,3045,15470,0.1968,True,3,3311,0.0293,bengaluru,7,8
triangle,316,2208,163.1284,163.1284,162.477,0.0,0.4009,0.4009,0.1954,2912,15456,0.1884,True,4,3318,0.4009,bengaluru,7,8
trunc_square,314,2205,162.6127,162.6127,162.477,0.0,0.0835,0.0835,0.0896,2961,15435,0.1918,True,3,3290,0.0835,bengaluru,7,8
poisson,312,2247,163.0366,163.0366,162.477,0.0,0.3444,0.3444,0.297,2961,15729,0.1883,True,2,3227,0.3444,bengaluru,7,8
h3,298,2082,1674.3594,1674.3594,1673.3386,0.0,0.061,0.061,0.1363,2758,14574,0.1892,True,11,3220,0.061,bengaluru,7,9
square,305,2141,1673.907,1673.907,1673.3386,0.0,0.034,0.034,0.0764,2898,14987,0.1934,True,18,3892,0.034,bengaluru,7,9
octile,305,2141,1673.907,1673.907,1673.3386,0.0,0.034,0.034,0.0764,2968,14987,0.198,True,18,3927,0.034,bengaluru,7,9
triangle,305,2139,1674.2185,1674.2185,1673.3386,0.0,0.0526,0.0526,0.2156,2814,14973,0.1879,True,21,3955,0.0526,bengaluru,7,9
trunc_square,305,2134,1673.5606,1673.5606,1673.3386,0.0,0.0133,0.0133,0.0411,2835,14938,0.1898,True,16,3885,0.0133,bengaluru,7,9
poisson,310,2140,1674.0308,1674.0308,1673.3386,0.0,0.0414,0.0414,0.1949,2905,14980,0.1939,True,21,3927,0.0414,bengaluru,7,9
h3,563,3948,176.531,176.531,176.4372,0.0,0.0531,0.0531,0.1348,3493,27636,0.1264,True,9,5096,0.0531,bengaluru,7,10
square,581,4057,176.6526,176.6526,176.4372,0.0,0.1221,0.1221,0.1829,3542,28399,0.1247,True,15,5621,0.1221,bengaluru,7,10
octile,581,4057,176.6526,176.6526,176.4372,0.0,0.1221,0.1221,0.1829,3584,28399,0.1262,True,15,5635,0.1221,bengaluru,7,10
triangle,578,4056,176.5153,176.5153,176.4372,0.0,0.0443,0.0443,0.1164,3521,28392,0.124,True,24,6097,0.0443,bengaluru,7,10
trunc_square,578,4051,176.6699,176.6699,176.4372,0.0,0.1319,0.1319,0.1601,3654,28357,0.1289,True,14,5985,0.1319,bengaluru,7,10
poisson,581,4090,176.5968,176.5968,176.4372,0.0,0.0905,0.0905,0.1518,3598,28630,0.1257,True,18,5845,0.0905,bengaluru,7,10
h3,415,2906,136.5131,136.5131,136.48,0.0,0.0243,0.0243,0.2277,3598,20342,0.1769,True,27,4662,0.0243,bengaluru,7,11
square,427,2988,136.5748,136.5748,136.48,0.0,0.0695,0.0695,0.3724,3668,20916,0.1754,True,34,5439,0.0695,bengaluru,7,11
octile,427,2988,136.5748,136.5748,136.48,0.0,0.0695,0.0695,0.3724,3752,20916,0.1794,True,34,5460,0.0695,bengaluru,7,11
triangle,423,2995,136.6437,136.6437,136.48,0.0,0.12,0.12,0.4295,3535,20965,0.1686,True,39,5628,0.12,bengaluru,7,11
trunc_square,429,2990,136.5515,136.5515,136.48,0.0,0.0524,0.0524,0.1212,3668,20930,0.1753,True,28,5670,0.0524,bengaluru,7,11
poisson,438,3039,136.4858,136.4858,136.48,0.0,0.0043,0.0043,0.0247,3836,21273,0.1803,True,39,5754,0.0043,bengaluru,7,11
